#,Address,Type,Token Balance,WETH Share,Tx Hash,Status
1,0x6950B4eB77e770588518f31529C98b5c766c8897,EOA,5117391610.72,0.061934552872671376,0x245fd9c753f5ae74aca80a348b73e893d9847726425b6e2b65b95451b51dfc46,Sent
2,0x2084E0eD8D7e2Cf279cF473334663e7B38494691,EOA,3310695915.66,0.040068551877901711,0x245fd9c753f5ae74aca80a348b73e893d9847726425b6e2b65b95451b51dfc46,Sent
3,0x6C11c2D19ebdd68e1F47601326931b4de4c2e547,CONTRACT,3307038195.20,0.040024283371912564,0x245fd9c753f5ae74aca80a348b73e893d9847726425b6e2b65b95451b51dfc46,Sent
4,0x1DDF96FaD89F0Ef8dC1625aE24A9edB2eC58162b,EOA,3286698817.67,0.039778120805372914,0x245fd9c753f5ae74aca80a348b73e893d9847726425b6e2b65b95451b51dfc46,Sent
5,0x9BB15AbeCF1648f2A8b8e50A2C148F6800C5E327,EOA,2836417026.98,0.034328469206558139,0x245fd9c753f5ae74aca80a348b73e893d9847726425b6e2b65b95451b51dfc46,Sent
6,0xF60633D02690e2A15A54AB919925F3d038Df163e,EOA,2687343737.32,0.032524271239491344,0x245fd9c753f5ae74aca80a348b73e893d9847726425b6e2b65b95451b51dfc46,Sent
7,0x6Eea88d0f76B8a22d8A4b65728595dA8Fdc2CE27,EOA,2526876690.55,0.030582177386154444,0x245fd9c753f5ae74aca80a348b73e893d9847726425b6e2b65b95451b51dfc46,Sent
8,0x7374ab3f86fca4D39e608bE6d28D10018C71E5a0,EOA,2494031707.59,0.030184662501950923,0x245fd9c753f5ae74aca80a348b73e893d9847726425b6e2b65b95451b51dfc46,Sent
9,0xcD1d960d069a22345636A94bF377dcdcd2e7f6CA,EOA,2366366539.47,0.028639561851811466,0x245fd9c753f5ae74aca80a348b73e893d9847726425b6e2b65b95451b51dfc46,Sent
10,0x549bEBA4888Ad614Be77665079BBec2EB75fe50a,EOA,2343076080.24,0.028357683057228113,0x245fd9c753f5ae74aca80a348b73e893d9847726425b6e2b65b95451b51dfc46,Sent
11,0x1B49E23c977CeB8bEa8806ffF6Df1A942CA9A984,EOA,2117536428.99,0.025628031211443476,0x245fd9c753f5ae74aca80a348b73e893d9847726425b6e2b65b95451b51dfc46,Sent
12,0xf83C910b54A0D38067B53cdbf06eCA5957326edF,EOA,2115338915.62,0.025601435238766904,0x245fd9c753f5ae74aca80a348b73e893d9847726425b6e2b65b95451b51dfc46,Sent
13,0x05d3cD6859FCd219b4482Fb1D72743f07df8D606,EOA,1955980366.77,0.023672757267573737,0x245fd9c753f5ae74aca80a348b73e893d9847726425b6e2b65b95451b51dfc46,Sent
14,0x1CA6f01BCE39DD226de7a9008F8E87C84816fd43,EOA,1948805251.76,0.023585918586107018,0x245fd9c753f5ae74aca80a348b73e893d9847726425b6e2b65b95451b51dfc46,Sent
15,0xea11c3165335d4a5A7B2dD710e6336C00997703d,EOA,1899115456.03,0.022984535007301951,0x245fd9c753f5ae74aca80a348b73e893d9847726425b6e2b65b95451b51dfc46,Sent
16,0x5A202BccB293dEB455E57EbdD1b4a1920Fd7fe67,EOA,1860098673.63,0.022512324327269965,0x245fd9c753f5ae74aca80a348b73e893d9847726425b6e2b65b95451b51dfc46,Sent
17,0x7a9a8b1dE19A24045fe9F0cAbb6962bf9F3A29Ea,EOA,1785821889.23,0.021613370371706450,0x245fd9c753f5ae74aca80a348b73e893d9847726425b6e2b65b95451b51dfc46,Sent
18,0x266d71844a9a9B8483dDFDd3B8f1e4cceb6fb648,CONTRACT,1783845827.50,0.021589454574563884,0x245fd9c753f5ae74aca80a348b73e893d9847726425b6e2b65b95451b51dfc46,Sent
19,0x45eD2dECE122B310F10B475370c923dfb5A3a306,EOA,1753427150.71,0.021221304687000862,0x245fd9c753f5ae74aca80a348b73e893d9847726425b6e2b65b95451b51dfc46,Sent
20,0x3c832Cc41C4B2f520eB4B3244fBa35444A473C14,CONTRACT,1692504152.54,0.020483968376187496,0x245fd9c753f5ae74aca80a348b73e893d9847726425b6e2b65b95451b51dfc46,Sent
21,0x59f168BFdb87733aF8EdD3515421C446f9c9586b,EOA,1570096946.91,0.019002503574309861,0x245fd9c753f5ae74aca80a348b73e893d9847726425b6e2b65b95451b51dfc46,Sent
22,0x597b64dBcBBefB7ddA8ababEf9670e2d0Bfb2449,CONTRACT,1542580806.04,0.018669482376843832,0x245fd9c753f5ae74aca80a348b73e893d9847726425b6e2b65b95451b51dfc46,Sent
23,0x4B222400557Aa03E99C6f5c1C9449a55944E44fd,EOA,1535861931.11,0.018588165458805660,0x245fd9c753f5ae74aca80a348b73e893d9847726425b6e2b65b95451b51dfc46,Sent
24,0x68e195687C041CBA055C948D6B7CDA2311537367,EOA,1522658159.72,0.018428363407407399,0x245fd9c753f5ae74aca80a348b73e893d9847726425b6e2b65b95451b51dfc46,Sent
25,0xcEd7934ebda1CB5F2e1DD8D0478f3F125A1732fF,CONTRACT,1488757957.73,0.018018077462468626,0x245fd9c753f5ae74aca80a348b73e893d9847726425b6e2b65b95451b51dfc46,Sent
26,0xD74e0C34f23B0FdC51B54Ac47416379B07B2b044,EOA,1425578173.98,0.017253427821549053,0x245fd9c753f5ae74aca80a348b73e893d9847726425b6e2b65b95451b51dfc46,Sent
27,0x1f8Af75107014AB4504EF1710FF755359F6acE83,EOA,1359471403.19,0.016453353564635620,0x245fd9c753f5ae74aca80a348b73e893d9847726425b6e2b65b95451b51dfc46,Sent
28,0x18FbC974b7e504651FEA7848739C27aEF30805c6,EOA,1357161618.27,0.016425398796394750,0x245fd9c753f5ae74aca80a348b73e893d9847726425b6e2b65b95451b51dfc46,Sent
29,0x05C17Ffad91bbD8e07Bb896c15b792e073686183,EOA,1314663955.75,0.015911059866188477,0x245fd9c753f5ae74aca80a348b73e893d9847726425b6e2b65b95451b51dfc46,Sent
30,0x91806D97fDe0A2e522b65a6Ade2C8Ebc3D034Afb,EOA,1269889788.77,0.015369168953178525,0x245fd9c753f5ae74aca80a348b73e893d9847726425b6e2b65b95451b51dfc46,Sent
31,0x8D6FDA42FE996F476d9488231DdC57c32eDb2e7C,CONTRACT,1220775402.23,0.014774749412702555,0x245fd9c753f5ae74aca80a348b73e893d9847726425b6e2b65b95451b51dfc46,Sent
32,0x375E5637E73bcff6Def5d8497Bf1B2551d429E3d,EOA,1077335678.53,0.013038733131828094,0x245fd9c753f5ae74aca80a348b73e893d9847726425b6e2b65b95451b51dfc46,Sent
33,0xf1C3cf9E01D8f77B1AF037d2EFc3DF252aa3f598,CONTRACT,1015401565.90,0.012289159547276933,0x245fd9c753f5ae74aca80a348b73e893d9847726425b6e2b65b95451b51dfc46,Sent
34,0x5f735A1DCAAEA782CEc6146b8AB5f851D0D64C3c,CONTRACT,1002115709.19,0.012128364037089655,0x245fd9c753f5ae74aca80a348b73e893d9847726425b6e2b65b95451b51dfc46,Sent
35,0x5C4c53C2Fc659124755B88Df4ef529C33cA1C76b,EOA,989132783.11,0.011971234823020729,0x245fd9c753f5ae74aca80a348b73e893d9847726425b6e2b65b95451b51dfc46,Sent
36,0x1a1177974FF6978BA5ce57256133cc0a557739d3,EOA,988020732.60,0.011957775944780376,0x245fd9c753f5ae74aca80a348b73e893d9847726425b6e2b65b95451b51dfc46,Sent
37,0x368cbFdf48031c07deFf5D4e05e270db29ffC085,CONTRACT,975467388.52,0.011805845857786563,0x245fd9c753f5ae74aca80a348b73e893d9847726425b6e2b65b95451b51dfc46,Sent
38,0xECe94d4a7Fb449E5cd7258434a9659bcEb57B87F,CONTRACT,959445897.41,0.011611941626041396,0x245fd9c753f5ae74aca80a348b73e893d9847726425b6e2b65b95451b51dfc46,Sent
39,0xC0766Ae9f33E95544067983dAFE9c06A9eF5CfBc,EOA,930152191.83,0.011257406993020667,0x245fd9c753f5ae74aca80a348b73e893d9847726425b6e2b65b95451b51dfc46,Sent
40,0x4D2047e84C60AEA927A194EC8782946B87E93414,EOA,900040721.22,0.010892975147511544,0x245fd9c753f5ae74aca80a348b73e893d9847726425b6e2b65b95451b51dfc46,Sent
41,0xF7c0D9aEe226B632a25b1C096d8c285eD20d55b1,CONTRACT,890640019.70,0.010779200730894750,0x245fd9c753f5ae74aca80a348b73e893d9847726425b6e2b65b95451b51dfc46,Sent
42,0x409040c3708F18a98186Cd9A4cd6ED30a78E5b2d,CONTRACT,863511010.37,0.010450864892890439,0x245fd9c753f5ae74aca80a348b73e893d9847726425b6e2b65b95451b51dfc46,Sent
43,0x93c883963AF898Ab7C41ef9250F9EeD71506Eb52,EOA,860759161.14,0.010417559927266550,0x245fd9c753f5ae74aca80a348b73e893d9847726425b6e2b65b95451b51dfc46,Sent
44,0xCb67910b8F3f1b7c7e63F98c93A7E1c1F7eB783e,EOA,857541766.02,0.010378620572432292,0x245fd9c753f5ae74aca80a348b73e893d9847726425b6e2b65b95451b51dfc46,Sent
45,0x7725B2298eBa79e7403D1dA80b5Fa90Affd1BF98,CONTRACT,838724774.65,0.010150883077302926,0x245fd9c753f5ae74aca80a348b73e893d9847726425b6e2b65b95451b51dfc46,Sent
46,0x6B5072c1c0c24998Ef60c9Ba74453603De28E774,EOA,834591238.98,0.010100855894931166,0x245fd9c753f5ae74aca80a348b73e893d9847726425b6e2b65b95451b51dfc46,Sent
47,0xcEdD1A2b799D38E5956336d74b055c8D5F7B4A4f,CONTRACT,820112958.00,0.009925628762139871,0x245fd9c753f5ae74aca80a348b73e893d9847726425b6e2b65b95451b51dfc46,Sent
48,0xAEE6035881D05440C4739F2E4b9e6Baed90faa62,EOA,812673382.44,0.009835589378623647,0x245fd9c753f5ae74aca80a348b73e893d9847726425b6e2b65b95451b51dfc46,Sent
49,0x6F73065fcb581320839c8f368617d2C190a18a8b,CONTRACT,798674617.13,0.009666165708090554,0x245fd9c753f5ae74aca80a348b73e893d9847726425b6e2b65b95451b51dfc46,Sent
50,0xd65194f4D55CC238691A3C4C95050b1ecD1E0846,EOA,758720273.31,0.009182607949047536,0x245fd9c753f5ae74aca80a348b73e893d9847726425b6e2b65b95451b51dfc46,Sent
51,0xb58E4F0ea28EDe825F684374F20Bd83ed7c55291,CONTRACT,750997374.62,0.009089139574137694,0x245fd9c753f5ae74aca80a348b73e893d9847726425b6e2b65b95451b51dfc46,Sent
52,0xF0D58c8aD24c6862EaBF556C4706C4c2F5d0c2b3,EOA,717936953.88,0.008689017298642923,0x245fd9c753f5ae74aca80a348b73e893d9847726425b6e2b65b95451b51dfc46,Sent
53,0x302d86E24D7474f0408a53E26a1111c041a94093,CONTRACT,690091206.48,0.008352006953088454,0x245fd9c753f5ae74aca80a348b73e893d9847726425b6e2b65b95451b51dfc46,Sent
54,0x5eCE6cb9bb408eD12058D217bF241e7ad1d21E6c,EOA,687309641.99,0.008318342350905780,0x245fd9c753f5ae74aca80a348b73e893d9847726425b6e2b65b95451b51dfc46,Sent
55,0xB0F82754752d3A117c04bf5A055FdEFbF98Ec0F4,EOA,681336837.62,0.008246054944272989,0x245fd9c753f5ae74aca80a348b73e893d9847726425b6e2b65b95451b51dfc46,Sent
56,0x2b3561c12a5f161721f269cA0fdF6930590cccF3,CONTRACT,679670083.75,0.008225882625451951,0x245fd9c753f5ae74aca80a348b73e893d9847726425b6e2b65b95451b51dfc46,Sent
57,0xF3f708f4b1D362E624982d198591d3e6FAe16392,EOA,675800842.41,0.008179054133360352,0x245fd9c753f5ae74aca80a348b73e893d9847726425b6e2b65b95451b51dfc46,Sent
58,0x6aF3bFF82E347fEb74629F52cA2223aAefa012a3,CONTRACT,669775835.05,0.008106134926622639,0x245fd9c753f5ae74aca80a348b73e893d9847726425b6e2b65b95451b51dfc46,Sent
59,0x527d4b2b6CA09A0AA9f4D1E61C3cEA193B8cB5f8,EOA,667468618.17,0.008078211238736551,0x245fd9c753f5ae74aca80a348b73e893d9847726425b6e2b65b95451b51dfc46,Sent
60,0xD5c78644ad3A8bbC01F4bb13Cef5106368F6e84F,EOA,661446711.18,0.008005329555096764,0x245fd9c753f5ae74aca80a348b73e893d9847726425b6e2b65b95451b51dfc46,Sent
61,0xf78189E2f64fd5627bBd2C0A46B8F077C4A1490C,EOA,660966256.98,0.007999514734109063,0x245fd9c753f5ae74aca80a348b73e893d9847726425b6e2b65b95451b51dfc46,Sent
62,0xEf3a2e8f40257eEDB1a51111360bb3f97773cFaA,EOA,657796613.52,0.007961153305892267,0x245fd9c753f5ae74aca80a348b73e893d9847726425b6e2b65b95451b51dfc46,Sent
63,0x2670bA8e21475D7Dd7Dcab35cDC38ef8891E7a15,EOA,657164143.76,0.007953498677418404,0x245fd9c753f5ae74aca80a348b73e893d9847726425b6e2b65b95451b51dfc46,Sent
64,0x98FC44BB8b7Fe7F411F68C45c4E153887f24A92f,CONTRACT,653908771.73,0.007914099697208264,0x245fd9c753f5ae74aca80a348b73e893d9847726425b6e2b65b95451b51dfc46,Sent
65,0x4A3174a90bB16ddfdE94DcD42d685Daa5CF76296,CONTRACT,649023286.93,0.007854971856293759,0x245fd9c753f5ae74aca80a348b73e893d9847726425b6e2b65b95451b51dfc46,Sent
66,0x8AB420C73849d0Af48C4FA0105F8C6f47351B92a,CONTRACT,633519432.60,0.007667332457472852,0x245fd9c753f5ae74aca80a348b73e893d9847726425b6e2b65b95451b51dfc46,Sent
67,0x2BfC94aF4A916B2bf49f2bE6354872569E8b96f1,CONTRACT,629890799.53,0.007623415989069594,0x245fd9c753f5ae74aca80a348b73e893d9847726425b6e2b65b95451b51dfc46,Sent
68,0x155c6702e8a894eAB1f7484eaf9C5BF17CAf8b8D,EOA,599623562.95,0.007257098945743740,0x245fd9c753f5ae74aca80a348b73e893d9847726425b6e2b65b95451b51dfc46,Sent
69,0x74708abADA2c21c1Fe66714cBc0830650B671842,EOA,598636519.77,0.007245153000848897,0x245fd9c753f5ae74aca80a348b73e893d9847726425b6e2b65b95451b51dfc46,Sent
70,0x2fC0c9931461A0aC46efa39d9bFBdfc5d836444B,EOA,596516116.03,0.007219490267376874,0x245fd9c753f5ae74aca80a348b73e893d9847726425b6e2b65b95451b51dfc46,Sent
71,0x93FE95a8166F631aC5D61f553d12D6111e592C71,EOA,573881500.67,0.006945548992476946,0x245fd9c753f5ae74aca80a348b73e893d9847726425b6e2b65b95451b51dfc46,Sent
72,0x38627817a3d081f6816a8734e313671d203892B7,EOA,567535424.04,0.006868743961968284,0x245fd9c753f5ae74aca80a348b73e893d9847726425b6e2b65b95451b51dfc46,Sent
73,0xc53f6559991e70aC52c3997f18eEBeAE53f0843a,EOA,558211585.56,0.006755899800063464,0x245fd9c753f5ae74aca80a348b73e893d9847726425b6e2b65b95451b51dfc46,Sent
74,0xe155621A760F7C38458f3Dd191a307adf086ad23,EOA,512683104.74,0.006204879609161323,0x245fd9c753f5ae74aca80a348b73e893d9847726425b6e2b65b95451b51dfc46,Sent
75,0x09F172EbE14CcD724049f607B8291F29AC201265,CONTRACT,480778122.32,0.005818741324101691,0x245fd9c753f5ae74aca80a348b73e893d9847726425b6e2b65b95451b51dfc46,Sent
76,0xB3E7421EFe4914a24208a39AEe9e6441f3EBBBc1,EOA,465431203.98,0.005633001283502327,0x245fd9c753f5ae74aca80a348b73e893d9847726425b6e2b65b95451b51dfc46,Sent
77,0x11e795125EBa67c7fD11E75c7743ABB716BFcadF,EOA,445342522.95,0.005389872836115147,0x245fd9c753f5ae74aca80a348b73e893d9847726425b6e2b65b95451b51dfc46,Sent
78,0x151325AfE1c8134798Bd4ae6058DFDE27C7A649C,EOA,432211049.84,0.005230945793235031,0x245fd9c753f5ae74aca80a348b73e893d9847726425b6e2b65b95451b51dfc46,Sent
79,0x9D14B5f3fc5406d23211D653186A393B1bf75682,EOA,415770100.93,0.005031964965269509,0x245fd9c753f5ae74aca80a348b73e893d9847726425b6e2b65b95451b51dfc46,Sent
80,0xfdaF199AE935753c70824f6c73d4877DdCEea57b,EOA,408667396.88,0.004946002656243693,0x245fd9c753f5ae74aca80a348b73e893d9847726425b6e2b65b95451b51dfc46,Sent
81,0x96F46393cC4b2cA8214C5a1C93f8B77F621B8E68,EOA,408540514.46,0.004944467028979092,0x245fd9c753f5ae74aca80a348b73e893d9847726425b6e2b65b95451b51dfc46,Sent
82,0x48715eC8c00E73e2dFeF2e4476557784dDc0c171,EOA,378078160.65,0.004575788529030807,0x245fd9c753f5ae74aca80a348b73e893d9847726425b6e2b65b95451b51dfc46,Sent
83,0x11DB1321c3F926334eB155d5FE704f6B2fF6A2F9,EOA,369307777.14,0.004469642698720544,0x245fd9c753f5ae74aca80a348b73e893d9847726425b6e2b65b95451b51dfc46,Sent
84,0x18725407e36B741e55c327D305b6530032CCb585,EOA,369018710.43,0.004466144194281599,0x245fd9c753f5ae74aca80a348b73e893d9847726425b6e2b65b95451b51dfc46,Sent
85,0xFF33AEB9B07d9AB3d8B502635b10505ceE021dD0,CONTRACT,366300912.86,0.004433251347664498,0x245fd9c753f5ae74aca80a348b73e893d9847726425b6e2b65b95451b51dfc46,Sent
86,0xacE149393Ea10A1ef1FA6cFb7A4Ff9686CC5Ed07,EOA,363769873.80,0.004402618794148542,0x245fd9c753f5ae74aca80a348b73e893d9847726425b6e2b65b95451b51dfc46,Sent
87,0x8FB0Fe8CA92723ECf89AD998FD3e875a5234D457,EOA,350809772.18,0.004245765818977360,0x245fd9c753f5ae74aca80a348b73e893d9847726425b6e2b65b95451b51dfc46,Sent
88,0x3aD2173a4568b4B761E64BDe9b34443003F3Eeb7,EOA,348931116.05,0.004223028898270989,0x245fd9c753f5ae74aca80a348b73e893d9847726425b6e2b65b95451b51dfc46,Sent
89,0x4dCdB7cdF336349013A249b14600A28ee2744Dc1,EOA,341660123.33,0.004135029832089587,0x245fd9c753f5ae74aca80a348b73e893d9847726425b6e2b65b95451b51dfc46,Sent
90,0xBEf365386B37C285b4D9e6dA11797F69491e5021,EOA,340552581.51,0.004121625521291703,0x245fd9c753f5ae74aca80a348b73e893d9847726425b6e2b65b95451b51dfc46,Sent
91,0x754c2d33F0fA42b24913A6d4719Bd0e7096f8392,CONTRACT,335355392.72,0.004058725202553202,0x245fd9c753f5ae74aca80a348b73e893d9847726425b6e2b65b95451b51dfc46,Sent
92,0x6Da3Cec3f2Ad448a6ea5c5Fa039e08680cB9Ec57,EOA,334234919.46,0.004045164385668668,0x245fd9c753f5ae74aca80a348b73e893d9847726425b6e2b65b95451b51dfc46,Sent
93,0x92d169ebDB0bFA7A71483664B54199Cb6ccAAC02,EOA,333336166.05,0.004034286990552757,0x245fd9c753f5ae74aca80a348b73e893d9847726425b6e2b65b95451b51dfc46,Sent
94,0xCc5CAe2d8188d3001d05715d9eBc933FD60eB76f,EOA,330961084.38,0.004005541951519430,0x245fd9c753f5ae74aca80a348b73e893d9847726425b6e2b65b95451b51dfc46,Sent
95,0x607dAE9Cd320Abd055702E37CB9Ec152BE15455d,EOA,328910732.49,0.003980727038524702,0x245fd9c753f5ae74aca80a348b73e893d9847726425b6e2b65b95451b51dfc46,Sent
96,0x86AFe889dabc56B11fb60a011ebaBd5C907A4B77,CONTRACT,323152924.14,0.003911041676835541,0x245fd9c753f5ae74aca80a348b73e893d9847726425b6e2b65b95451b51dfc46,Sent
97,0x4A2F229A0459547dcaeFCcfCC8CB2c19d6677Cf6,EOA,313172516.77,0.003790251220514319,0x245fd9c753f5ae74aca80a348b73e893d9847726425b6e2b65b95451b51dfc46,Sent
98,0x5aCa7429b2C6162144462DB5666F40699b4c3806,CONTRACT,311239647.02,0.003766858165461079,0x245fd9c753f5ae74aca80a348b73e893d9847726425b6e2b65b95451b51dfc46,Sent
99,0xF13725c70d9F8fAe79933960b29c9b6e44eDD45F,EOA,297937352.11,0.003605863707615118,0x245fd9c753f5ae74aca80a348b73e893d9847726425b6e2b65b95451b51dfc46,Sent
100,0x96373EB9dB0c4Da8B1cFc700A37F5897c69DF5Af,EOA,295571911.89,0.003577235356828182,0x245fd9c753f5ae74aca80a348b73e893d9847726425b6e2b65b95451b51dfc46,Sent
101,0x943fe4B7fa2D323Be54C0637Ac04175EB7E3D772,CONTRACT,292193611.27,0.003536348601563741,0x245fd9c753f5ae74aca80a348b73e893d9847726425b6e2b65b95451b51dfc46,Sent
102,0xDcdF0FEeEDE933CEAFc6131B663f1Ee210AC61ae,EOA,290322749.93,0.003513706019338413,0x245fd9c753f5ae74aca80a348b73e893d9847726425b6e2b65b95451b51dfc46,Sent
103,0x1E577AF95Dafd865c05F7525DaCBEFAD18bf59Ca,CONTRACT,288808651.53,0.003495381252624421,0x245fd9c753f5ae74aca80a348b73e893d9847726425b6e2b65b95451b51dfc46,Sent
104,0x725646a543667DBee9e3Bea82Eda1E9ffA7844F0,CONTRACT,280155924.83,0.003390659394299074,0x245fd9c753f5ae74aca80a348b73e893d9847726425b6e2b65b95451b51dfc46,Sent
105,0x16bE4ec97856C3CEbf643EB9D25EB1589E3cA8C2,EOA,279130783.14,0.003378252352394470,0x245fd9c753f5ae74aca80a348b73e893d9847726425b6e2b65b95451b51dfc46,Sent
106,0x8374Fc705b22C17283249506AA4A496Af30c8c68,EOA,277415403.71,0.003357491530005500,0x245fd9c753f5ae74aca80a348b73e893d9847726425b6e2b65b95451b51dfc46,Sent
107,0x2025abcd2945D28eF458fbF1Ca3822C478068D9f,EOA,276264789.95,0.003343565930046711,0x245fd9c753f5ae74aca80a348b73e893d9847726425b6e2b65b95451b51dfc46,Sent
108,0x1C66c27CB190801e479fC4a02AC5999c0Dc2c33C,CONTRACT,276068544.86,0.003341190823122790,0x245fd9c753f5ae74aca80a348b73e893d9847726425b6e2b65b95451b51dfc46,Sent
109,0x33b534Bde1ee35124b19a86743Ff31770260BBeF,CONTRACT,275836240.46,0.003338379299150179,0x245fd9c753f5ae74aca80a348b73e893d9847726425b6e2b65b95451b51dfc46,Sent
110,0xeda556D2dc307b1f3Fa92E27F030bF72C3522826,CONTRACT,272842710.95,0.003302149335579918,0x245fd9c753f5ae74aca80a348b73e893d9847726425b6e2b65b95451b51dfc46,Sent
111,0xc93678EC2b974a7aE280341cEFeb85984a29FFF7,CONTRACT,272785055.76,0.003301451548703975,0x245fd9c753f5ae74aca80a348b73e893d9847726425b6e2b65b95451b51dfc46,Sent
112,0x3A307C098e52cd11B44C64801926A620f309b06D,EOA,272676469.07,0.003300137350369342,0x245fd9c753f5ae74aca80a348b73e893d9847726425b6e2b65b95451b51dfc46,Sent
113,0x4C03221Cd461891A1A1806fd3ccD4E6Dd094B746,CONTRACT,269278107.26,0.003259007799270666,0x245fd9c753f5ae74aca80a348b73e893d9847726425b6e2b65b95451b51dfc46,Sent
114,0x4332E826885394B3e4b6eC550b465fA56Ba27834,CONTRACT,262929115.20,0.003182167484106806,0x245fd9c753f5ae74aca80a348b73e893d9847726425b6e2b65b95451b51dfc46,Sent
115,0xC1d25791E3b5f3051127723166ce66243cA3920a,EOA,260559394.50,0.003153487327720321,0x245fd9c753f5ae74aca80a348b73e893d9847726425b6e2b65b95451b51dfc46,Sent
116,0xd961634a3AaBBe888DEef76f6fCff86Ecd3d00C2,CONTRACT,251371136.42,0.003042284062627885,0x245fd9c753f5ae74aca80a348b73e893d9847726425b6e2b65b95451b51dfc46,Sent
117,0xd1eE3a902DA7464320149381133340120B1b46fc,EOA,250309607.33,0.003029436632751422,0x245fd9c753f5ae74aca80a348b73e893d9847726425b6e2b65b95451b51dfc46,Sent
118,0x224Dda64f1C44cf990fB10171249386916043BB3,EOA,245527537.63,0.002971560399860964,0x245fd9c753f5ae74aca80a348b73e893d9847726425b6e2b65b95451b51dfc46,Sent
119,0x1a57c6c00AD0B9EF078b006fe070687c8381cB58,CONTRACT,231062344.17,0.002796491662299056,0x245fd9c753f5ae74aca80a348b73e893d9847726425b6e2b65b95451b51dfc46,Sent
120,0x88CD85223E73FBf3Dd2d4c60A16590339735afe2,CONTRACT,225076710.56,0.002724048986508051,0x245fd9c753f5ae74aca80a348b73e893d9847726425b6e2b65b95451b51dfc46,Sent
121,0xD9c6D88ee66f7071EfA0384ED50B089F16535944,EOA,219021167.82,0.002650760217359149,0x245fd9c753f5ae74aca80a348b73e893d9847726425b6e2b65b95451b51dfc46,Sent
122,0x82606beb4dd0a018575611B4c4f23D4B71DB0340,EOA,214247352.25,0.002592983882194924,0x245fd9c753f5ae74aca80a348b73e893d9847726425b6e2b65b95451b51dfc46,Sent
123,0x09cA468571D447D06f98C279Df24d41FAF8caf83,EOA,211461724.93,0.002559270108537956,0x245fd9c753f5ae74aca80a348b73e893d9847726425b6e2b65b95451b51dfc46,Sent
124,0x8dfF419F6ECec04d463d88448E8789C71943D459,CONTRACT,205802844.39,0.002490782046123728,0x245fd9c753f5ae74aca80a348b73e893d9847726425b6e2b65b95451b51dfc46,Sent
125,0xdeC845DCa5D83A84EC27982A22b3CCcc69d0d28a,CONTRACT,205228909.32,0.002483835848835218,0x245fd9c753f5ae74aca80a348b73e893d9847726425b6e2b65b95451b51dfc46,Sent
126,0x98d9fdF9C7B268a970635640efD6540D74507b78,CONTRACT,204612615.46,0.002476376993292455,0x245fd9c753f5ae74aca80a348b73e893d9847726425b6e2b65b95451b51dfc46,Sent
127,0xeb24A5C709291f6032218b10324283543F03f46D,CONTRACT,196761378.91,0.002381355376443521,0x245fd9c753f5ae74aca80a348b73e893d9847726425b6e2b65b95451b51dfc46,Sent
128,0x7832283b177b0e21F5EC0Dc44909070C97D75045,EOA,190809268.39,0.002309318422447192,0x245fd9c753f5ae74aca80a348b73e893d9847726425b6e2b65b95451b51dfc46,Sent
129,0xfC6bD4CD4448c6E2fb81EC0af4916bc46BA42Ef7,CONTRACT,189945771.65,0.002298867730331558,0x245fd9c753f5ae74aca80a348b73e893d9847726425b6e2b65b95451b51dfc46,Sent
130,0x71634c0C62B3F34AAAb51F914fE5809DEde835E1,CONTRACT,186994230.68,0.002263145943917006,0x245fd9c753f5ae74aca80a348b73e893d9847726425b6e2b65b95451b51dfc46,Sent
131,0xE0ac5f58C92804AD96bEfD0Ee24d1ccb3A203422,EOA,186071646.14,0.002251980126359825,0x245fd9c753f5ae74aca80a348b73e893d9847726425b6e2b65b95451b51dfc46,Sent
132,0xC95AE5C084481A2751B836761A953F984E8e8008,CONTRACT,180735345.87,0.002187396174909338,0x245fd9c753f5ae74aca80a348b73e893d9847726425b6e2b65b95451b51dfc46,Sent
133,0x001c5D69aC12ab3b3bda3236db3DFa1B8bB7dA6F,EOA,180106861.17,0.002179789776623784,0x245fd9c753f5ae74aca80a348b73e893d9847726425b6e2b65b95451b51dfc46,Sent
134,0xCD211569a108FdAc74d729ba7358a743a3c2e08d,EOA,177133577.49,0.002143804843380889,0x245fd9c753f5ae74aca80a348b73e893d9847726425b6e2b65b95451b51dfc46,Sent
135,0x540a605aD4ec8752C833a12C0587CE8FD25020E1,EOA,171437894.94,0.002074871375167755,0x245fd9c753f5ae74aca80a348b73e893d9847726425b6e2b65b95451b51dfc46,Sent
136,0x31CF134C920C8115b4053C164Db35A137685Ec4F,CONTRACT,170236920.61,0.002060336273305033,0x245fd9c753f5ae74aca80a348b73e893d9847726425b6e2b65b95451b51dfc46,Sent
137,0x62b256C16E927CcEfa68cc64BBa27f63536428C7,EOA,169115243.84,0.002046760890685016,0x245fd9c753f5ae74aca80a348b73e893d9847726425b6e2b65b95451b51dfc46,Sent
138,0x171E308f58C3fA891291Dd6155cC87D5F91f360d,CONTRACT,166835278.95,0.002019167027144328,0x245fd9c753f5ae74aca80a348b73e893d9847726425b6e2b65b95451b51dfc46,Sent
139,0xc0B0CE7864800064aaDD801116ace6e79A17fAb8,EOA,165259288.45,0.002000093195256381,0x245fd9c753f5ae74aca80a348b73e893d9847726425b6e2b65b95451b51dfc46,Sent
140,0xB08a8Bc023a9b16F8Bc5E07AD00f5E63f5E41486,CONTRACT,165201498.71,0.001999393780072180,0x245fd9c753f5ae74aca80a348b73e893d9847726425b6e2b65b95451b51dfc46,Sent
141,0x8346ad875008f7622bc43Eb7C048218589f430DA,CONTRACT,164316830.75,0.001988686857719332,0x245fd9c753f5ae74aca80a348b73e893d9847726425b6e2b65b95451b51dfc46,Sent
142,0x7F597edb62A2EeB8601fFe3955FfDD1EA29eE0d8,EOA,162164273.25,0.001962634974878202,0x245fd9c753f5ae74aca80a348b73e893d9847726425b6e2b65b95451b51dfc46,Sent
143,0x331b3095dFF63d2876D4E0cDF118a8A03eA3300c,CONTRACT,151407563.04,0.001832449113077248,0x245fd9c753f5ae74aca80a348b73e893d9847726425b6e2b65b95451b51dfc46,Sent
144,0xe150eFF8FA2eFFccaAc0Bc5c50b78d1f6D0a996c,EOA,148835258.05,0.001801317127977536,0x245fd9c753f5ae74aca80a348b73e893d9847726425b6e2b65b95451b51dfc46,Sent
145,0xd49Fb2854b15c651621070817B4F0a13D43a8811,EOA,148447580.44,0.001796625159593386,0x245fd9c753f5ae74aca80a348b73e893d9847726425b6e2b65b95451b51dfc46,Sent
146,0x4C8733e64d1166425f4325D6A4aC33A81621E853,CONTRACT,148347487.74,0.001795413761876120,0x245fd9c753f5ae74aca80a348b73e893d9847726425b6e2b65b95451b51dfc46,Sent
147,0xAE50C4c501E76F2302BfE79a1E8DfEc25AfEd378,EOA,145514711.54,0.001761129356788866,0x245fd9c753f5ae74aca80a348b73e893d9847726425b6e2b65b95451b51dfc46,Sent
148,0x2Cdd33d6FF2a897180c7F4e5a20F018Bf0c16fD1,EOA,141439144.07,0.001711803749446913,0x245fd9c753f5ae74aca80a348b73e893d9847726425b6e2b65b95451b51dfc46,Sent
149,0xB09ccAcEA929b4AD27BBE0540A9B382B2aF7D914,CONTRACT,140560862.02,0.001701174114265274,0x245fd9c753f5ae74aca80a348b73e893d9847726425b6e2b65b95451b51dfc46,Sent
150,0x6c8C3784151932A06f32606f99a49B76Ab7b8905,EOA,140303119.21,0.001698054715328186,0x42ff1ec433dc292d617085090a5585f48233880a8f9e9ba76d37b42c41da1cc9,Burned (sent to 0x...dEaD)
151,0x818A7c0F2a52f1cC857c1e1895Ea01D9f990fDB7,EOA,139485372.96,0.001688157730335379,0x824eb703bcbfd2cb90ce7636a795353d8aefb81bc3e81575acbd9f3bbf7b8859,Sent
152,0xe6A5f1690FcDA05D9BA0A663B6E7ddF3c97EB7B1,CONTRACT,135842676.97,0.001644071061761690,0x824eb703bcbfd2cb90ce7636a795353d8aefb81bc3e81575acbd9f3bbf7b8859,Sent
153,0xCB759461E79ab982fEc96dF5ac24bfD110CbD61b,EOA,134482694.34,0.001627611521020629,0x824eb703bcbfd2cb90ce7636a795353d8aefb81bc3e81575acbd9f3bbf7b8859,Sent
154,0x48395462527899f0F8C545364aFaD9808e349dC8,EOA,129854986.23,0.001571603489061194,0x824eb703bcbfd2cb90ce7636a795353d8aefb81bc3e81575acbd9f3bbf7b8859,Sent
155,0xA3b9EFcF8428cC540EE933946Ccd4B9425916155,CONTRACT,129364159.11,0.001565663127233797,0x824eb703bcbfd2cb90ce7636a795353d8aefb81bc3e81575acbd9f3bbf7b8859,Sent
156,0xc952E1f757B53990dA8E4E9508616E4015a7ba4A,CONTRACT,129278748.48,0.001564629422964614,0x824eb703bcbfd2cb90ce7636a795353d8aefb81bc3e81575acbd9f3bbf7b8859,Sent
157,0x0C711D1C86d0245cf5A5C8E3E6EeC7DDcfD4a442,EOA,128946350.95,0.001560606496116536,0x824eb703bcbfd2cb90ce7636a795353d8aefb81bc3e81575acbd9f3bbf7b8859,Sent
158,0x4e687A5ae8eE1dbc360Eb3bFC904951e33074Dd5,CONTRACT,120910330.53,0.001463348484649764,0x824eb703bcbfd2cb90ce7636a795353d8aefb81bc3e81575acbd9f3bbf7b8859,Sent
159,0xE7A6651f179eE4951d32e08347069d7Fa804d46c,EOA,119710606.46,0.001448828514498089,0x824eb703bcbfd2cb90ce7636a795353d8aefb81bc3e81575acbd9f3bbf7b8859,Sent
160,0x6e25F916C6276EE269dA23872D4449974ccc4b78,EOA,119509597.59,0.001446395752744446,0x824eb703bcbfd2cb90ce7636a795353d8aefb81bc3e81575acbd9f3bbf7b8859,Sent
161,0x3FcF39eca3a6277f9d7c4aa6764C89E325135DA8,CONTRACT,118765200.21,0.001437386491310630,0x824eb703bcbfd2cb90ce7636a795353d8aefb81bc3e81575acbd9f3bbf7b8859,Sent
162,0xF6B462EeF266208B7D5e821Dc672Db9523F6cc40,EOA,117952916.85,0.001427555622219702,0x824eb703bcbfd2cb90ce7636a795353d8aefb81bc3e81575acbd9f3bbf7b8859,Sent
163,0x575DD4ABB18BD02a9385D975E7e1E07040603Ced,EOA,115454667.85,0.001397319918852842,0x824eb703bcbfd2cb90ce7636a795353d8aefb81bc3e81575acbd9f3bbf7b8859,Sent
164,0x05d3356d261CF68Ed7416Fc23D57B14918c57644,EOA,114490338.20,0.001385648870360927,0x824eb703bcbfd2cb90ce7636a795353d8aefb81bc3e81575acbd9f3bbf7b8859,Sent
165,0xbaa88819A7Eb97d71aAD4A165c6C853fA0ABa25C,EOA,112443451.60,0.001360875897001884,0x824eb703bcbfd2cb90ce7636a795353d8aefb81bc3e81575acbd9f3bbf7b8859,Sent
166,0x08Ad25d3E40E5B1aAFC62927497EA7a9d22B2ec1,EOA,110680686.77,0.001339541580584196,0x824eb703bcbfd2cb90ce7636a795353d8aefb81bc3e81575acbd9f3bbf7b8859,Sent
167,0xAC32A69A0410f25E344F261529a3028BC671A465,EOA,110435052.22,0.001336568725001744,0x824eb703bcbfd2cb90ce7636a795353d8aefb81bc3e81575acbd9f3bbf7b8859,Sent
168,0x21f62F8B95D5Eda9359eb607B7Fef7eC8188c7F6,EOA,109421372.72,0.001324300407201708,0x824eb703bcbfd2cb90ce7636a795353d8aefb81bc3e81575acbd9f3bbf7b8859,Sent
169,0xA3190CbD5270276e4bc4C8A6d79a98e292Eb81aC,EOA,107874923.73,0.001305584109118316,0x824eb703bcbfd2cb90ce7636a795353d8aefb81bc3e81575acbd9f3bbf7b8859,Sent
170,0x33D60A04504dF0524BF4ff3a5500BC507d721993,CONTRACT,106991309.67,0.001294889941917084,0x824eb703bcbfd2cb90ce7636a795353d8aefb81bc3e81575acbd9f3bbf7b8859,Sent
171,0x1FF39Dc9671b3ec82381fF830B75CfaceE496d47,CONTRACT,105848134.90,0.001281054374253023,0x824eb703bcbfd2cb90ce7636a795353d8aefb81bc3e81575acbd9f3bbf7b8859,Sent
172,0x75823110b5f1DBC3e9476d5c5caD296D9D33f7a2,CONTRACT,105149994.73,0.001272604952648965,0x824eb703bcbfd2cb90ce7636a795353d8aefb81bc3e81575acbd9f3bbf7b8859,Sent
173,0x193a4285E9592d4b569C7B6d78592F086B99fDe9,CONTRACT,103464759.93,0.001252208963383832,0x824eb703bcbfd2cb90ce7636a795353d8aefb81bc3e81575acbd9f3bbf7b8859,Sent
174,0xe7DF7c909265F31a8Cd0c7319f90e17D61FF519c,EOA,99003180.63,0.001198211548363445,0x824eb703bcbfd2cb90ce7636a795353d8aefb81bc3e81575acbd9f3bbf7b8859,Sent
175,0x2a9C0e8c71B62401a092b57724B301e08ca57fF0,EOA,98526786.59,0.001192445866436746,0x824eb703bcbfd2cb90ce7636a795353d8aefb81bc3e81575acbd9f3bbf7b8859,Sent
176,0x31C24787Fc3AC235FeBc275C53Ae139766d456A7,EOA,97447875.60,0.001179388067800190,0x824eb703bcbfd2cb90ce7636a795353d8aefb81bc3e81575acbd9f3bbf7b8859,Sent
177,0xaB0cb052D5362bfE5df39ED8F5302Fa02e116027,EOA,94732858.48,0.001146528872311022,0x824eb703bcbfd2cb90ce7636a795353d8aefb81bc3e81575acbd9f3bbf7b8859,Sent
178,0x4B0c62Cb9ECB59ee1Ac5c8732d411096d8dD231f,CONTRACT,94213322.36,0.001140241052279968,0x824eb703bcbfd2cb90ce7636a795353d8aefb81bc3e81575acbd9f3bbf7b8859,Sent
179,0xE7647803404080327c0aCc4ED0235CcA936E75cd,CONTRACT,94179543.35,0.001139832233108699,0x824eb703bcbfd2cb90ce7636a795353d8aefb81bc3e81575acbd9f3bbf7b8859,Sent
180,0x4610761FF0236E3E8c26783ca4267d9e355f3521,EOA,91730632.69,0.001110193659735614,0x824eb703bcbfd2cb90ce7636a795353d8aefb81bc3e81575acbd9f3bbf7b8859,Sent
181,0x0d9836517f6f74Af969Eb6b388d11a8153dC9c5D,EOA,90317545.00,0.001093091401166920,0x824eb703bcbfd2cb90ce7636a795353d8aefb81bc3e81575acbd9f3bbf7b8859,Sent
182,0xFF3F97f6FC2d88FACBA3e3f3d918F7f851D71E4F,EOA,90196806.17,0.001091630128359919,0x824eb703bcbfd2cb90ce7636a795353d8aefb81bc3e81575acbd9f3bbf7b8859,Sent
183,0xeCA2Fa86983aAC16b826b2f384c1B70e85863d3f,CONTRACT,90048155.61,0.001089831046569291,0x824eb703bcbfd2cb90ce7636a795353d8aefb81bc3e81575acbd9f3bbf7b8859,Sent
184,0x5D8A91263f2358ce56D6a2E36B58215C19e1aCA4,CONTRACT,89649773.81,0.001085009527985161,0x824eb703bcbfd2cb90ce7636a795353d8aefb81bc3e81575acbd9f3bbf7b8859,Sent
185,0x5e2f040f3D24A2D101645bbF68604253aE1696a3,CONTRACT,88972292.37,0.001076810133965658,0x824eb703bcbfd2cb90ce7636a795353d8aefb81bc3e81575acbd9f3bbf7b8859,Sent
186,0x50d70c49dD8B8f6836E54B6080bcC3c07537D10A,CONTRACT,84902639.05,0.001027556104238175,0x824eb703bcbfd2cb90ce7636a795353d8aefb81bc3e81575acbd9f3bbf7b8859,Sent
187,0xa51DEa2cf7A1798d4566F9140e8910EEBC12CE79,EOA,84597369.96,0.001023861506215623,0x824eb703bcbfd2cb90ce7636a795353d8aefb81bc3e81575acbd9f3bbf7b8859,Sent
188,0x5BEE1108cDa44D239Ad2F3196C035EDb5C1AADee,EOA,80545760.20,0.000974825853390490,0x824eb703bcbfd2cb90ce7636a795353d8aefb81bc3e81575acbd9f3bbf7b8859,Sent
189,0xBBFCa00C621286701469B55D34273d1FB425b118,EOA,77241523.00,0.000934835469679257,0x824eb703bcbfd2cb90ce7636a795353d8aefb81bc3e81575acbd9f3bbf7b8859,Sent
190,0x3337e2aCa3dFf660808481D78452050C6c9d7D94,EOA,76757415.11,0.000928976429075443,0x824eb703bcbfd2cb90ce7636a795353d8aefb81bc3e81575acbd9f3bbf7b8859,Sent
191,0x4464d21d2bE8E57aC017748066536D3Dfc90Ffa1,CONTRACT,75769005.42,0.000917013945677829,0x824eb703bcbfd2cb90ce7636a795353d8aefb81bc3e81575acbd9f3bbf7b8859,Sent
192,0xD4a8b1C7bbF13B202c788B16a32927937b6FCC77,EOA,72840260.09,0.000881568049247640,0x824eb703bcbfd2cb90ce7636a795353d8aefb81bc3e81575acbd9f3bbf7b8859,Sent
193,0x28f7FD6432336798Ae14001D16F08c66d1b3bA88,CONTRACT,72592522.89,0.000878569745850469,0x824eb703bcbfd2cb90ce7636a795353d8aefb81bc3e81575acbd9f3bbf7b8859,Sent
194,0x523B9b403eDB0001058dC4686dc563e25238CdF1,EOA,72522930.92,0.000877727491138794,0x824eb703bcbfd2cb90ce7636a795353d8aefb81bc3e81575acbd9f3bbf7b8859,Sent
195,0x6398BE228430d37914Ca4e4AAE69cAb8E0B75859,EOA,69043379.10,0.000835615317058019,0x824eb703bcbfd2cb90ce7636a795353d8aefb81bc3e81575acbd9f3bbf7b8859,Sent
196,0x4353b6393C0b3214d9100c438dbC5aC041545CF9,EOA,68851884.03,0.000833297698604346,0x824eb703bcbfd2cb90ce7636a795353d8aefb81bc3e81575acbd9f3bbf7b8859,Sent
197,0x23064c1ce318f5f1610F8cA4fE7f6f8427A85b92,CONTRACT,68784163.08,0.000832478088281201,0x824eb703bcbfd2cb90ce7636a795353d8aefb81bc3e81575acbd9f3bbf7b8859,Sent
198,0xaC4beB37A254683BE00a6708cbC074f1F61AAA1e,CONTRACT,67620976.92,0.000818400327481702,0x824eb703bcbfd2cb90ce7636a795353d8aefb81bc3e81575acbd9f3bbf7b8859,Sent
199,0x9edf82316C435bdccA750b75Bed12F8A9004D797,EOA,67605710.47,0.000818215561407397,0x824eb703bcbfd2cb90ce7636a795353d8aefb81bc3e81575acbd9f3bbf7b8859,Sent
200,0x6f1273F5E7b7b5072ae7C7181BBaB7d24f8B62C1,EOA,67450203.66,0.000816333500118403,0x824eb703bcbfd2cb90ce7636a795353d8aefb81bc3e81575acbd9f3bbf7b8859,Sent
201,0x466513c5d55d78044942a4cC28b0AACf2829292E,CONTRACT,67378712.55,0.000815468260408450,0x824eb703bcbfd2cb90ce7636a795353d8aefb81bc3e81575acbd9f3bbf7b8859,Sent
202,0xB134E9CFd60Ccb7643a84FAb4e248e7150BCEE4A,EOA,67242694.06,0.000813822061536303,0x824eb703bcbfd2cb90ce7636a795353d8aefb81bc3e81575acbd9f3bbf7b8859,Sent
203,0xC4D80cFA024f355aa57E4379B1A6283d95357762,EOA,67094572.93,0.000812029387394586,0x824eb703bcbfd2cb90ce7636a795353d8aefb81bc3e81575acbd9f3bbf7b8859,Sent
204,0xc809ccF26F7f282a960aDF0f088B90E77e65e6e6,EOA,66918204.18,0.000809894839066211,0x824eb703bcbfd2cb90ce7636a795353d8aefb81bc3e81575acbd9f3bbf7b8859,Sent
205,0x555D55c5A2c6218F37d9b2cB74248BCd95593d67,EOA,66539613.71,0.000805312850121220,0x824eb703bcbfd2cb90ce7636a795353d8aefb81bc3e81575acbd9f3bbf7b8859,Sent
206,0x5384fAD4f771bD9234eb1F7fBEAc0997f3131e5b,EOA,65975379.56,0.000798484060761832,0x824eb703bcbfd2cb90ce7636a795353d8aefb81bc3e81575acbd9f3bbf7b8859,Sent
207,0xa64dcc51D801B187ff409f635Ce75C19D1b2Aaac,CONTRACT,64326015.27,0.000778522203730438,0x824eb703bcbfd2cb90ce7636a795353d8aefb81bc3e81575acbd9f3bbf7b8859,Sent
208,0xcfe886f09a789f6F36DDe4587e0147c48F78EB7b,EOA,64225503.82,0.000777305737916717,0x824eb703bcbfd2cb90ce7636a795353d8aefb81bc3e81575acbd9f3bbf7b8859,Sent
209,0xd79955fbe38091974213699412BA8a46564734f6,CONTRACT,63709109.11,0.000771055937585180,0x824eb703bcbfd2cb90ce7636a795353d8aefb81bc3e81575acbd9f3bbf7b8859,Sent
210,0xbF32635A65c248ed55ebC86976615c93F8FE1394,CONTRACT,61967237.84,0.000749974491025200,0x824eb703bcbfd2cb90ce7636a795353d8aefb81bc3e81575acbd9f3bbf7b8859,Sent
211,0x178dD87Bb862A905515CCB4454676e4Ffc1Dad56,CONTRACT,61217416.70,0.000740899587084321,0x824eb703bcbfd2cb90ce7636a795353d8aefb81bc3e81575acbd9f3bbf7b8859,Sent
212,0x48b19767A723ec7F0d5b397f64CfC1562082242B,CONTRACT,60922558.16,0.000737330985492551,0x824eb703bcbfd2cb90ce7636a795353d8aefb81bc3e81575acbd9f3bbf7b8859,Sent
213,0x91C1bD1Be0c81f970771D68426429e6276fE75e6,EOA,60518723.65,0.000732443474091683,0x824eb703bcbfd2cb90ce7636a795353d8aefb81bc3e81575acbd9f3bbf7b8859,Sent
214,0xA6acAA6A977F4EEAa7Ab36905662B503eEc70Cb6,CONTRACT,60480543.96,0.000731981394499182,0x824eb703bcbfd2cb90ce7636a795353d8aefb81bc3e81575acbd9f3bbf7b8859,Sent
215,0xD1460DA97c5cfEA581CBDD82a1139b97BC1219dD,CONTRACT,59231198.08,0.000716860863582850,0x824eb703bcbfd2cb90ce7636a795353d8aefb81bc3e81575acbd9f3bbf7b8859,Sent
216,0x42005C0829230F4d35627a2b108edb440c6FFF8A,EOA,58415086.37,0.000706983660986756,0x824eb703bcbfd2cb90ce7636a795353d8aefb81bc3e81575acbd9f3bbf7b8859,Sent
217,0x5ef4d1F6640f0Ae009BECC0A4850D6c3FFb06CB4,EOA,56851027.65,0.000688054236512197,0x824eb703bcbfd2cb90ce7636a795353d8aefb81bc3e81575acbd9f3bbf7b8859,Sent
218,0x1404Cb1c5474295B554c35AC82C62253820Fec10,EOA,55948304.71,0.000677128799121717,0x824eb703bcbfd2cb90ce7636a795353d8aefb81bc3e81575acbd9f3bbf7b8859,Sent
219,0xdE4aa3C1E53A3a68767DBAf41eF0bDDfAc18d5d8,CONTRACT,53736823.09,0.000650363772074988,0x824eb703bcbfd2cb90ce7636a795353d8aefb81bc3e81575acbd9f3bbf7b8859,Sent
220,0x2bBDbCe2Be088177FB990cc1dB22FeFB54273Feb,CONTRACT,51647288.88,0.000625074644837887,0x824eb703bcbfd2cb90ce7636a795353d8aefb81bc3e81575acbd9f3bbf7b8859,Sent
221,0x73955D13AAf1Cd0D05e8aDcA50bb3030070BBa11,EOA,51020830.28,0.000617492767968975,0x824eb703bcbfd2cb90ce7636a795353d8aefb81bc3e81575acbd9f3bbf7b8859,Sent
222,0x2a85bd6Ad11b288dCfc6DED6D613CF08d008532d,CONTRACT,50734700.94,0.000614029813794579,0x824eb703bcbfd2cb90ce7636a795353d8aefb81bc3e81575acbd9f3bbf7b8859,Sent
223,0x7D109b64FDE3c66143E6aA7f978096eD30579029,CONTRACT,50063232.42,0.000605903192664768,0x824eb703bcbfd2cb90ce7636a795353d8aefb81bc3e81575acbd9f3bbf7b8859,Sent
224,0xbB54143C7847037B10A1454E050379eD23B0024e,CONTRACT,48142276.76,0.000582654331048297,0x824eb703bcbfd2cb90ce7636a795353d8aefb81bc3e81575acbd9f3bbf7b8859,Sent
225,0x1aC65aD48179669956d21f5FBdFa7ad1D9804542,EOA,47643176.91,0.000576613846195031,0x824eb703bcbfd2cb90ce7636a795353d8aefb81bc3e81575acbd9f3bbf7b8859,Sent
226,0x3dBDa30089f1966a1eD7f4De2e5a103a200d31c2,EOA,46931298.23,0.000567998150811075,0x824eb703bcbfd2cb90ce7636a795353d8aefb81bc3e81575acbd9f3bbf7b8859,Sent
227,0xD91A0C3A935a67754b6141b1f8fc9B38a2528742,CONTRACT,45969368.98,0.000556356153700174,0x824eb703bcbfd2cb90ce7636a795353d8aefb81bc3e81575acbd9f3bbf7b8859,Sent
228,0x20FD4701DbCBA18fF68C34a81353BA90FbbF8BBD,EOA,45261708.35,0.000547791508258797,0x824eb703bcbfd2cb90ce7636a795353d8aefb81bc3e81575acbd9f3bbf7b8859,Sent
229,0x166Bd2EF596E77a104079cD63CFAA00FdaEb3eFb,EOA,45170261.76,0.000546684752323158,0x824eb703bcbfd2cb90ce7636a795353d8aefb81bc3e81575acbd9f3bbf7b8859,Sent
230,0x42066B47fC11A042fa02f70D7D873c1281aAA113,CONTRACT,43981483.98,0.000532297262380479,0x824eb703bcbfd2cb90ce7636a795353d8aefb81bc3e81575acbd9f3bbf7b8859,Sent
231,0x1d68572D19aD1330272ED0E759D9c2E5f2C227ef,EOA,43077676.05,0.000521358693687193,0x824eb703bcbfd2cb90ce7636a795353d8aefb81bc3e81575acbd9f3bbf7b8859,Sent
232,0x5c74A0D03996900398dBC6Bbf4A5cAC5d1805fA3,EOA,42625739.52,0.000515889015065608,0x824eb703bcbfd2cb90ce7636a795353d8aefb81bc3e81575acbd9f3bbf7b8859,Sent
233,0xfa248470D7f34E09fc2dE52517db0DB4d50583f0,EOA,42478341.68,0.000514105094689331,0x824eb703bcbfd2cb90ce7636a795353d8aefb81bc3e81575acbd9f3bbf7b8859,Sent
234,0x96D884f1D3CE8961d72795dfEe3c65f4368aFFC0,EOA,41478173.56,0.000502000301916218,0x824eb703bcbfd2cb90ce7636a795353d8aefb81bc3e81575acbd9f3bbf7b8859,Sent
235,0x4964Ca55738304a0EAaB71486fDCf15227B25dAE,EOA,41115204.54,0.000497607375586455,0x824eb703bcbfd2cb90ce7636a795353d8aefb81bc3e81575acbd9f3bbf7b8859,Sent
236,0x15bd8A4ED1F2a637761a836CF4bBe8A0e2683DE0,EOA,40825540.24,0.000494101638657302,0x824eb703bcbfd2cb90ce7636a795353d8aefb81bc3e81575acbd9f3bbf7b8859,Sent
237,0xb7084888144D99268CDcA7a07b5AA31C00adC312,EOA,40270015.54,0.000487378257646657,0x824eb703bcbfd2cb90ce7636a795353d8aefb81bc3e81575acbd9f3bbf7b8859,Sent
238,0xf2276b5617FFd8d4cEbdf5a6EfD2b9E1Df90E98C,EOA,39256737.77,0.000475114801812856,0x824eb703bcbfd2cb90ce7636a795353d8aefb81bc3e81575acbd9f3bbf7b8859,Sent
239,0x6ee2873FAB3fcAF8de8eF2Bca09B021b594EFE44,EOA,38976964.34,0.000471728771735290,0x824eb703bcbfd2cb90ce7636a795353d8aefb81bc3e81575acbd9f3bbf7b8859,Sent
240,0xF184257Bf3F6E14e6ccFECAd56A26c5a1029695B,CONTRACT,38915019.96,0.000470979073812253,0x824eb703bcbfd2cb90ce7636a795353d8aefb81bc3e81575acbd9f3bbf7b8859,Sent
241,0xB07D95022fB5FbBA5D670B692d3c7f57a80d169b,EOA,38587228.94,0.000467011898361479,0x824eb703bcbfd2cb90ce7636a795353d8aefb81bc3e81575acbd9f3bbf7b8859,Sent
242,0xF9Ce2159e4cB1EE86630BF0Cc81138C095CBd7dA,EOA,38568218.82,0.000466781823572614,0x824eb703bcbfd2cb90ce7636a795353d8aefb81bc3e81575acbd9f3bbf7b8859,Sent
243,0x00070999A1598BECB7367828fC9441D96fD2c218,EOA,38015801.97,0.000460096056044510,0x824eb703bcbfd2cb90ce7636a795353d8aefb81bc3e81575acbd9f3bbf7b8859,Sent
244,0x6bf0E60C9F535b40E7F90443BE4145eED317f5C4,EOA,37093294.96,0.000448931176804971,0x824eb703bcbfd2cb90ce7636a795353d8aefb81bc3e81575acbd9f3bbf7b8859,Sent
245,0x7fe0daD7990F017e2B4DDaE7b65D270AAE7197c5,EOA,37021424.62,0.000448061347442181,0x824eb703bcbfd2cb90ce7636a795353d8aefb81bc3e81575acbd9f3bbf7b8859,Sent
246,0x153f84E8D1F92A0EB3CaaC69a33401F087B9E0aE,EOA,35842383.42,0.000433791696964327,0x824eb703bcbfd2cb90ce7636a795353d8aefb81bc3e81575acbd9f3bbf7b8859,Sent
247,0xbb5Cab1e9333cf9842e3E6AC72C2B8283d2496c3,EOA,35798362.86,0.000433258926763733,0x824eb703bcbfd2cb90ce7636a795353d8aefb81bc3e81575acbd9f3bbf7b8859,Sent
248,0x6962fd8d31C4d2d0bfA3F656c731181199f78F5a,CONTRACT,33685619.73,0.000407688907691242,0x824eb703bcbfd2cb90ce7636a795353d8aefb81bc3e81575acbd9f3bbf7b8859,Sent
249,0xd0aAaA58dfe3C50641804A6cC3c70beC06048816,CONTRACT,33598277.45,0.000406631825236806,0x824eb703bcbfd2cb90ce7636a795353d8aefb81bc3e81575acbd9f3bbf7b8859,Sent
250,0x07088BA40dD8B269acce038E981d3d9bDcb8564D,EOA,32997289.29,0.000399358210901218,0x824eb703bcbfd2cb90ce7636a795353d8aefb81bc3e81575acbd9f3bbf7b8859,Sent
251,0x646a192a8b70BA0B0c0936bD595DD5C56ae4657F,CONTRACT,31464974.07,0.000380812970483510,0x824eb703bcbfd2cb90ce7636a795353d8aefb81bc3e81575acbd9f3bbf7b8859,Sent
252,0x4DAdB591366501135A3b80f1eD14465dcb43321B,EOA,31151948.90,0.000377024502480165,0x824eb703bcbfd2cb90ce7636a795353d8aefb81bc3e81575acbd9f3bbf7b8859,Sent
253,0xBCd07cD0a974f7421AEF3B585609A723f7acfcB9,EOA,30652296.12,0.000370977325826417,0x824eb703bcbfd2cb90ce7636a795353d8aefb81bc3e81575acbd9f3bbf7b8859,Sent
254,0x00078D01bB6BF20837D88463B803dD10748e7e5d,EOA,29966562.94,0.000362678062990831,0x824eb703bcbfd2cb90ce7636a795353d8aefb81bc3e81575acbd9f3bbf7b8859,Sent
255,0xf69eBaABe6Cd5114ED9C91E5c86D65459e84f253,EOA,28710561.07,0.000347476976075160,0x824eb703bcbfd2cb90ce7636a795353d8aefb81bc3e81575acbd9f3bbf7b8859,Sent
256,0x8C1191daB5061Dc6C7e2215521AE1CF4415ABEa4,EOA,27975099.27,0.000338575859915428,0x824eb703bcbfd2cb90ce7636a795353d8aefb81bc3e81575acbd9f3bbf7b8859,Sent
257,0x1387803D38b5149999f56D43acA342A081f63d44,CONTRACT,27895060.02,0.000337607164183031,0x824eb703bcbfd2cb90ce7636a795353d8aefb81bc3e81575acbd9f3bbf7b8859,Sent
258,0x120c26C0Df54e5ca89710Ea817E68fEfdeE7179d,EOA,27199358.74,0.000329187259888903,0x824eb703bcbfd2cb90ce7636a795353d8aefb81bc3e81575acbd9f3bbf7b8859,Sent
259,0x1790a3D960e3aF88b7849558641EC29EfD3dbbcF,EOA,26474103.16,0.000320409666996938,0x824eb703bcbfd2cb90ce7636a795353d8aefb81bc3e81575acbd9f3bbf7b8859,Sent
260,0x34f0DF219CEE3EA62AEBE813e54ea8F96b4BDA96,EOA,26026956.07,0.000314997953902990,0x824eb703bcbfd2cb90ce7636a795353d8aefb81bc3e81575acbd9f3bbf7b8859,Sent
261,0xb474a83D562720a72F6d84A84915E4bC4aCc554A,CONTRACT,24453552.87,0.000295955435625016,0x824eb703bcbfd2cb90ce7636a795353d8aefb81bc3e81575acbd9f3bbf7b8859,Sent
262,0x31FE2426B5E49A79945C244f284dC2745297073B,CONTRACT,24262316.54,0.000293640948580620,0x824eb703bcbfd2cb90ce7636a795353d8aefb81bc3e81575acbd9f3bbf7b8859,Sent
263,0x9DfAa6a42ea06A775a465854f55366B3735f4d2e,EOA,24261788.65,0.000293634559587744,0x824eb703bcbfd2cb90ce7636a795353d8aefb81bc3e81575acbd9f3bbf7b8859,Sent
264,0x230747c04820Fb12020B9E3EabfA2Ef35cCfc49f,EOA,23824203.24,0.000288338569279407,0x824eb703bcbfd2cb90ce7636a795353d8aefb81bc3e81575acbd9f3bbf7b8859,Sent
265,0x0d7C60cC9672270180fBcb4CD5aBEd49B6648204,CONTRACT,23311640.06,0.000282135141047016,0x824eb703bcbfd2cb90ce7636a795353d8aefb81bc3e81575acbd9f3bbf7b8859,Sent
266,0xd7bf96052d25D051eb83D3A65c44a475421a5980,EOA,21610042.10,0.000261541112476138,0x824eb703bcbfd2cb90ce7636a795353d8aefb81bc3e81575acbd9f3bbf7b8859,Sent
267,0xD7Af87A1B99B9790bE8c02d5Ba07262E54E1D783,EOA,21580925.77,0.000261188724573045,0x824eb703bcbfd2cb90ce7636a795353d8aefb81bc3e81575acbd9f3bbf7b8859,Sent
268,0xE411838F36D480836e162693BE945976a105511F,CONTRACT,21245642.06,0.000257130866956906,0x824eb703bcbfd2cb90ce7636a795353d8aefb81bc3e81575acbd9f3bbf7b8859,Sent
269,0x7355E166f5A386C57b5B23B487f50e1DF706D56B,CONTRACT,20851638.48,0.000252362336914497,0x824eb703bcbfd2cb90ce7636a795353d8aefb81bc3e81575acbd9f3bbf7b8859,Sent
270,0x88fE7f97f819F33ff228B0dA2b4472BEF8fe74b5,CONTRACT,20802468.68,0.000251767246743385,0x824eb703bcbfd2cb90ce7636a795353d8aefb81bc3e81575acbd9f3bbf7b8859,Sent
271,0xF61673AC74daa4ab52fC291Bfc5cfD895538a2A2,CONTRACT,20164501.27,0.000244046081458932,0x824eb703bcbfd2cb90ce7636a795353d8aefb81bc3e81575acbd9f3bbf7b8859,Sent
272,0xc12a5Df9c8e57a0Ff4041c677688B3a8610b80FB,CONTRACT,20160488.92,0.000243997521046637,0x824eb703bcbfd2cb90ce7636a795353d8aefb81bc3e81575acbd9f3bbf7b8859,Sent
273,0x44D5367631D463AE8bE89dDe6702EFa173532Ff4,EOA,20160488.92,0.000243997521046571,0x824eb703bcbfd2cb90ce7636a795353d8aefb81bc3e81575acbd9f3bbf7b8859,Sent
274,0x22bB588D646d81c0Cf693676aE1b74bF20b1746d,CONTRACT,19964160.32,0.000241621403476787,0x824eb703bcbfd2cb90ce7636a795353d8aefb81bc3e81575acbd9f3bbf7b8859,Sent
275,0x0320205Bd5ED0C699AbCaC481314631F5AA38E0d,CONTRACT,19962514.71,0.000241601487017787,0x824eb703bcbfd2cb90ce7636a795353d8aefb81bc3e81575acbd9f3bbf7b8859,Sent
276,0xbCA862CA502fA8F1f0F4A3B682310ce0b28E6A15,EOA,19733651.06,0.000238831605567110,0x824eb703bcbfd2cb90ce7636a795353d8aefb81bc3e81575acbd9f3bbf7b8859,Sent
277,0x7f3EA0a4F34f7CC1F3Dc95f0d222c99DfA330364,CONTRACT,19586086.21,0.000237045663968480,0x824eb703bcbfd2cb90ce7636a795353d8aefb81bc3e81575acbd9f3bbf7b8859,Sent
278,0x88174B31D4BC6cBB98673674054B485F1bd85383,CONTRACT,19093050.19,0.000231078568286375,0x824eb703bcbfd2cb90ce7636a795353d8aefb81bc3e81575acbd9f3bbf7b8859,Sent
279,0x9De22F0646b852bbdE3e807c4fA843f9891D4Bf7,CONTRACT,18883788.27,0.000228545921831990,0x824eb703bcbfd2cb90ce7636a795353d8aefb81bc3e81575acbd9f3bbf7b8859,Sent
280,0x75A173b71332f394Ed3ff3A1FDD0D850E6D6c0B6,CONTRACT,18318591.60,0.000221705483290312,0x824eb703bcbfd2cb90ce7636a795353d8aefb81bc3e81575acbd9f3bbf7b8859,Sent
281,0x03ec15b36eFb00D12bB7132AC2f99fB6879F5d00,EOA,18136012.57,0.000219495773370157,0x824eb703bcbfd2cb90ce7636a795353d8aefb81bc3e81575acbd9f3bbf7b8859,Sent
282,0x195FC1b468c81dd2792959Cdd854b5B4429A5D37,CONTRACT,17814512.60,0.000215604737066639,0x824eb703bcbfd2cb90ce7636a795353d8aefb81bc3e81575acbd9f3bbf7b8859,Sent
283,0x183A2d62d91d6e12a0BbE5eF76899dF7Db0C6b97,CONTRACT,17584170.64,0.000212816964036612,0x824eb703bcbfd2cb90ce7636a795353d8aefb81bc3e81575acbd9f3bbf7b8859,Sent
284,0xe89040Ff2C6C23349361c1C47982B6cbEfF9B8e3,CONTRACT,17243575.30,0.000208694821038817,0x824eb703bcbfd2cb90ce7636a795353d8aefb81bc3e81575acbd9f3bbf7b8859,Sent
285,0x148915BF9D8Bd9bbcbc3dC184C71826153180DB0,EOA,17170856.84,0.000207814727025595,0x824eb703bcbfd2cb90ce7636a795353d8aefb81bc3e81575acbd9f3bbf7b8859,Sent
286,0x83573E45Bb335E8955Ed1D2221bAA860E6EEc0c5,CONTRACT,16977278.26,0.000205471892310674,0x824eb703bcbfd2cb90ce7636a795353d8aefb81bc3e81575acbd9f3bbf7b8859,Sent
287,0x27Dd3f5d7BEDE26C96E841C552fFFAC324aC2AC9,EOA,16880894.92,0.000204305388049218,0x824eb703bcbfd2cb90ce7636a795353d8aefb81bc3e81575acbd9f3bbf7b8859,Sent
288,0xDB1215ABa1649Ec9DDBB792D0c9f55C97c3920c0,EOA,15883223.59,0.000192230813327691,0x824eb703bcbfd2cb90ce7636a795353d8aefb81bc3e81575acbd9f3bbf7b8859,Sent
289,0x078F7e62ea0051E4AD9b2C9762230502525C96E9,CONTRACT,15860748.29,0.000191958800161082,0x824eb703bcbfd2cb90ce7636a795353d8aefb81bc3e81575acbd9f3bbf7b8859,Sent
290,0xd18B9615388AfACf2c95282980c6B84A235a32a8,CONTRACT,15729693.31,0.000190372673445502,0x824eb703bcbfd2cb90ce7636a795353d8aefb81bc3e81575acbd9f3bbf7b8859,Sent
291,0x7b218B6F1c70B7e1FE788D9Ca3355D4fa4b3f229,CONTRACT,15327164.08,0.000185500959552526,0x824eb703bcbfd2cb90ce7636a795353d8aefb81bc3e81575acbd9f3bbf7b8859,Sent
292,0x386C7Cfb53Ae9b02F6F28F2c1Ed5179b1Ba54E2a,CONTRACT,14363468.89,0.000173837589791501,0x824eb703bcbfd2cb90ce7636a795353d8aefb81bc3e81575acbd9f3bbf7b8859,Sent
293,0xB4D4B5ff23B9eaf4b627A22dAB26E6C35071EB06,CONTRACT,14348504.26,0.000173656476502998,0x824eb703bcbfd2cb90ce7636a795353d8aefb81bc3e81575acbd9f3bbf7b8859,Sent
294,0xE940f259127831e528737Cd97CC3EA4Bf3A383Bb,EOA,14264367.68,0.000172638191832569,0x824eb703bcbfd2cb90ce7636a795353d8aefb81bc3e81575acbd9f3bbf7b8859,Sent
295,0xdAe1309a51c1FE040F46B6CdD73FE17B8A43c354,CONTRACT,14121710.49,0.000170911646282008,0x824eb703bcbfd2cb90ce7636a795353d8aefb81bc3e81575acbd9f3bbf7b8859,Sent
296,0xb3A31C2d435223f4F53774a29Ec2815350f80C1E,EOA,14089567.53,0.000170522627798637,0x824eb703bcbfd2cb90ce7636a795353d8aefb81bc3e81575acbd9f3bbf7b8859,Sent
297,0x2887f605aD2218A4BD17771dAB151989C1652fb9,CONTRACT,13963403.78,0.000168995698530377,0x824eb703bcbfd2cb90ce7636a795353d8aefb81bc3e81575acbd9f3bbf7b8859,Sent
298,0x4Dab85c6365D42d0EcD2Fdc0E7eE6611033dc6B0,EOA,13824455.93,0.000167314046323891,0x824eb703bcbfd2cb90ce7636a795353d8aefb81bc3e81575acbd9f3bbf7b8859,Sent
299,0xb9cd6390B72C06A91548681E4708De61255E9818,EOA,13816352.96,0.000167215977988737,0x824eb703bcbfd2cb90ce7636a795353d8aefb81bc3e81575acbd9f3bbf7b8859,Sent
300,0x204fe0591e2217bbDAf885e1522986B173208118,EOA,13753045.48,0.000166449782843657,0x824eb703bcbfd2cb90ce7636a795353d8aefb81bc3e81575acbd9f3bbf7b8859,Sent
301,0x016e8A6bF698E9aeEc0aa5D88F3375f425ea7FD0,EOA,13563367.53,0.000164154156472495,0x56cf7ab51687baf69afd2aa96721bfaf89401fa505bc25c2db37312360d0bb29,Sent
302,0xA09B6900FfE71D0674fa6d4fC7e157129510Ff41,EOA,13479331.43,0.000163137087937053,0x56cf7ab51687baf69afd2aa96721bfaf89401fa505bc25c2db37312360d0bb29,Sent
303,0x452e046dc8E2E16c79B828C8DbD4805DFFB4171f,CONTRACT,13130611.37,0.000158916613432978,0x56cf7ab51687baf69afd2aa96721bfaf89401fa505bc25c2db37312360d0bb29,Sent
304,0x9e168b3B9f44365604e6da0af014AcdeD12cAec1,CONTRACT,12640239.55,0.000152981761878478,0x56cf7ab51687baf69afd2aa96721bfaf89401fa505bc25c2db37312360d0bb29,Sent
305,0x486428D74B3f8745E534233194e0DAdB14eAd4CD,EOA,12498373.41,0.000151264790242749,0x56cf7ab51687baf69afd2aa96721bfaf89401fa505bc25c2db37312360d0bb29,Sent
306,0x0800588F5CC04956d7905D74EFcB73812ca8aA3f,CONTRACT,12378606.43,0.000149815279518345,0x56cf7ab51687baf69afd2aa96721bfaf89401fa505bc25c2db37312360d0bb29,Sent
307,0xB4345775D0Ef033eA6c083D2e30a2E18691c2f85,CONTRACT,12331654.72,0.000149247034314752,0x56cf7ab51687baf69afd2aa96721bfaf89401fa505bc25c2db37312360d0bb29,Sent
308,0xce6DB8dDCDEee7aBD46A31bAbd430b849DCB7043,CONTRACT,12228564.57,0.000147999359119986,0x56cf7ab51687baf69afd2aa96721bfaf89401fa505bc25c2db37312360d0bb29,Sent
309,0xfa6626a27676D6262b1BE639a9914E15ee73208f,CONTRACT,12166842.87,0.000147252356406180,0x56cf7ab51687baf69afd2aa96721bfaf89401fa505bc25c2db37312360d0bb29,Sent
310,0x04F4F1e6A5c82dc6ac3aD269Ebf3517337ae953b,EOA,11697559.03,0.000141572727530500,0x56cf7ab51687baf69afd2aa96721bfaf89401fa505bc25c2db37312360d0bb29,Sent
311,0x6CAbdbdEe9aCf7dF56a956078870C9e09E7f8195,EOA,11359845.48,0.000137485462184993,0x56cf7ab51687baf69afd2aa96721bfaf89401fa505bc25c2db37312360d0bb29,Sent
312,0x2d3C3E7e62f62EFa995290fcEE0fed2a74F065AF,EOA,11256380.77,0.000136233253762748,0x56cf7ab51687baf69afd2aa96721bfaf89401fa505bc25c2db37312360d0bb29,Sent
313,0xAe1d982A626c94199CdC8844dc76c74DfdA97b89,CONTRACT,11073366.90,0.000134018281205396,0x56cf7ab51687baf69afd2aa96721bfaf89401fa505bc25c2db37312360d0bb29,Sent
314,0x6CC50111133a19B7A53cB6E47Eb78b9A95Fdaa98,EOA,10965469.03,0.000132712419293906,0x56cf7ab51687baf69afd2aa96721bfaf89401fa505bc25c2db37312360d0bb29,Sent
315,0x88465190fBb869967695E0F17418af239879F219,CONTRACT,10845917.45,0.000131265515434786,0x56cf7ab51687baf69afd2aa96721bfaf89401fa505bc25c2db37312360d0bb29,Sent
316,0x5103a79ee88d01AB0025ed09804E555FA233A5F9,EOA,10669663.96,0.000129132362146375,0x56cf7ab51687baf69afd2aa96721bfaf89401fa505bc25c2db37312360d0bb29,Sent
317,0x12266eFc81e6D4151bC8192E179b0241c150e50D,CONTRACT,10579107.50,0.000128036379178750,0x56cf7ab51687baf69afd2aa96721bfaf89401fa505bc25c2db37312360d0bb29,Sent
318,0x7F81B829D3188eba6a492a60941595C31EF27141,CONTRACT,10398348.47,0.000125848696398761,0x56cf7ab51687baf69afd2aa96721bfaf89401fa505bc25c2db37312360d0bb29,Sent
319,0xf14c3058399150c195D4af104bf46491423Bc3f2,CONTRACT,10338704.69,0.000125126842135629,0x56cf7ab51687baf69afd2aa96721bfaf89401fa505bc25c2db37312360d0bb29,Sent
320,0x1f190cD2963C8F708108Ad924dAc22cA107a04Fb,CONTRACT,10264428.63,0.000124227896927298,0x56cf7ab51687baf69afd2aa96721bfaf89401fa505bc25c2db37312360d0bb29,Sent
321,0x2107d0879E7D3eb831EC9b323F6e283Ceec5Ef4c,CONTRACT,10064614.46,0.000121809594327868,0x56cf7ab51687baf69afd2aa96721bfaf89401fa505bc25c2db37312360d0bb29,Sent
322,0x68a70B13A5216605d71D58C34dE09212a0AB2Fa3,CONTRACT,10046224.03,0.000121587019472672,0x56cf7ab51687baf69afd2aa96721bfaf89401fa505bc25c2db37312360d0bb29,Sent
323,0xa661A88d4e229D0c19DFbd52A00d969a9d1bF976,EOA,9973470.92,0.000120706506198444,0x56cf7ab51687baf69afd2aa96721bfaf89401fa505bc25c2db37312360d0bb29,Sent
324,0x529aB829754fC0DB688902A69cd705a6dC2A3174,EOA,9964583.48,0.000120598943605918,0x56cf7ab51687baf69afd2aa96721bfaf89401fa505bc25c2db37312360d0bb29,Sent
325,0x69F5eA75A987D806aCC84383cd6D6cF510ce6C56,EOA,9572723.75,0.000115856360140486,0x56cf7ab51687baf69afd2aa96721bfaf89401fa505bc25c2db37312360d0bb29,Sent
326,0x4D1A53e4509f28A8fB9B787796106052792527AF,CONTRACT,9507184.69,0.000115063156711387,0x56cf7ab51687baf69afd2aa96721bfaf89401fa505bc25c2db37312360d0bb29,Sent
327,0x5fd9283E16A65b51271a7E13A4ac851157B1A948,CONTRACT,9212551.92,0.000111497287599662,0x56cf7ab51687baf69afd2aa96721bfaf89401fa505bc25c2db37312360d0bb29,Sent
328,0x210812fBaC1A9074F785964e5D02e1e040aacdC3,CONTRACT,9197599.78,0.000111316325426278,0x56cf7ab51687baf69afd2aa96721bfaf89401fa505bc25c2db37312360d0bb29,Sent
329,0x5AaFc1f252d544f744d17a4E734afd6efC47edE4,EOA,8906917.34,0.000107798266205992,0x56cf7ab51687baf69afd2aa96721bfaf89401fa505bc25c2db37312360d0bb29,Sent
330,0x240B0c6004c58310C3Cb7C5841A97B066fa15C9a,CONTRACT,8771470.79,0.000106158989302074,0x56cf7ab51687baf69afd2aa96721bfaf89401fa505bc25c2db37312360d0bb29,Sent
331,0x813eE597454521B7Ea4aFd8a488BA4bebB4E7a22,CONTRACT,8680770.32,0.000105061263449233,0x56cf7ab51687baf69afd2aa96721bfaf89401fa505bc25c2db37312360d0bb29,Sent
332,0x9cD0D66c2068F1F1db05C207f6baB1B95AA05054,CONTRACT,8440490.86,0.000102153219266414,0x56cf7ab51687baf69afd2aa96721bfaf89401fa505bc25c2db37312360d0bb29,Sent
333,0xf59Ca3a40479C56F4893CBDAF027db542D3651b0,CONTRACT,8281253.49,0.000100226007878770,0x56cf7ab51687baf69afd2aa96721bfaf89401fa505bc25c2db37312360d0bb29,Sent
334,0xB8f74750af7A4eC9242dd77Efd2955509A331443,CONTRACT,7922113.97,0.000095879429145309,0x56cf7ab51687baf69afd2aa96721bfaf89401fa505bc25c2db37312360d0bb29,Sent
335,0xDc52983a0a35A1dd16a7464a05EC54b21FA8ccab,CONTRACT,7755283.71,0.000093860322901558,0x56cf7ab51687baf69afd2aa96721bfaf89401fa505bc25c2db37312360d0bb29,Sent
336,0x57325aC3A47AaCBf410A6E4c3c4a54a38a926a89,EOA,7692196.05,0.000093096788175997,0x56cf7ab51687baf69afd2aa96721bfaf89401fa505bc25c2db37312360d0bb29,Sent
337,0x8EeAac17643A14d529B18642E002DaEEf86D46A0,EOA,7652276.17,0.000092613647529587,0x56cf7ab51687baf69afd2aa96721bfaf89401fa505bc25c2db37312360d0bb29,Sent
338,0xbAe7E6245bDaF4196C10651648F4f0cd43786f18,CONTRACT,7582856.54,0.000091773478540365,0x56cf7ab51687baf69afd2aa96721bfaf89401fa505bc25c2db37312360d0bb29,Sent
339,0xaB5Bd00601E5191A5782F49953f34a6b2C5466E0,CONTRACT,7340236.82,0.000088837110734221,0x56cf7ab51687baf69afd2aa96721bfaf89401fa505bc25c2db37312360d0bb29,Sent
340,0x1CcB84ED2353943b3049d9701749c19430D757c7,EOA,7284236.10,0.000088159347655794,0x56cf7ab51687baf69afd2aa96721bfaf89401fa505bc25c2db37312360d0bb29,Sent
341,0x5136793964796744c0Af7823705F74E90aFa1e31,CONTRACT,7078004.18,0.000085663372545999,0x56cf7ab51687baf69afd2aa96721bfaf89401fa505bc25c2db37312360d0bb29,Sent
342,0x50c100bc7fBADD53c7F3c2Ea571e282525214ffA,CONTRACT,7070041.02,0.000085566996317505,0x56cf7ab51687baf69afd2aa96721bfaf89401fa505bc25c2db37312360d0bb29,Sent
343,0xEeBc7cE4F49E38dcFFEA70400349752f38787fbe,EOA,6910886.23,0.000083640784463376,0x56cf7ab51687baf69afd2aa96721bfaf89401fa505bc25c2db37312360d0bb29,Sent
344,0x4bB1aCE40Ba002949aA2A90f4B5f625939adBD35,CONTRACT,6865585.84,0.000083092524780978,0x56cf7ab51687baf69afd2aa96721bfaf89401fa505bc25c2db37312360d0bb29,Sent
345,0x58352d343c8352C63429F541615BA3E39127D3f1,EOA,6668943.26,0.000080712607164870,0x56cf7ab51687baf69afd2aa96721bfaf89401fa505bc25c2db37312360d0bb29,Sent
346,0xfc409B0160389CB707dd25cE976fAE26d7666666,EOA,6555816.71,0.000079343463901616,0x56cf7ab51687baf69afd2aa96721bfaf89401fa505bc25c2db37312360d0bb29,Sent
347,0xE76eF615c36672D4785C426Ce888C765b39C8186,CONTRACT,6484862.37,0.000078484720707809,0x56cf7ab51687baf69afd2aa96721bfaf89401fa505bc25c2db37312360d0bb29,Sent
348,0x39899D642F35027e29889e69D34935A07B31807B,CONTRACT,6351563.67,0.000076871438842493,0x56cf7ab51687baf69afd2aa96721bfaf89401fa505bc25c2db37312360d0bb29,Sent
349,0xF208e4261c2c2b0c0f95a36cc4054c9327057563,CONTRACT,6348191.63,0.000076830627840586,0x56cf7ab51687baf69afd2aa96721bfaf89401fa505bc25c2db37312360d0bb29,Sent
350,0xfE4CD6D56B5ae61B5BE9738c91a64ef0D5cD36Ff,CONTRACT,6261969.30,0.000075787099792860,0x56cf7ab51687baf69afd2aa96721bfaf89401fa505bc25c2db37312360d0bb29,Sent
351,0x287997B806EDd4752a3478c0372b89272DC7AF18,EOA,6011174.58,0.000072751791961004,0x56cf7ab51687baf69afd2aa96721bfaf89401fa505bc25c2db37312360d0bb29,Sent
352,0x51803444050BF09974c0Fb561D23283d1A9010Cc,CONTRACT,5836872.55,0.000070642256640934,0x56cf7ab51687baf69afd2aa96721bfaf89401fa505bc25c2db37312360d0bb29,Sent
353,0xAe3bdaaF4f896F4b29bfcaeF06E9F354eee0085D,CONTRACT,5528409.18,0.000066908999077932,0x56cf7ab51687baf69afd2aa96721bfaf89401fa505bc25c2db37312360d0bb29,Sent
354,0x23F2Dd2822a69aC91b6BE6ac73c502df150B5B9D,CONTRACT,5483602.27,0.000066366711916482,0x56cf7ab51687baf69afd2aa96721bfaf89401fa505bc25c2db37312360d0bb29,Sent
355,0x60C9f0694642f0a480D43b12eec1498C62B3948a,EOA,5411724.54,0.000065496793164109,0x56cf7ab51687baf69afd2aa96721bfaf89401fa505bc25c2db37312360d0bb29,Sent
356,0x67262E14c556d7FBEc4298bde87289799467687e,EOA,5281573.13,0.000063921602072084,0x56cf7ab51687baf69afd2aa96721bfaf89401fa505bc25c2db37312360d0bb29,Sent
357,0x4891E5FF6F11c7E97Fe0787ceadD86f58A18097A,EOA,5208192.03,0.000063033488359866,0x56cf7ab51687baf69afd2aa96721bfaf89401fa505bc25c2db37312360d0bb29,Sent
358,0x061600d3515b387D562504Eed5a1a485f9AE0EE4,CONTRACT,5126087.08,0.000062039791983982,0x56cf7ab51687baf69afd2aa96721bfaf89401fa505bc25c2db37312360d0bb29,Sent
359,0xf0b52c1e34aE2ACe085d1fE2Cd6bdC0479151645,CONTRACT,4921309.49,0.000059561418372574,0x56cf7ab51687baf69afd2aa96721bfaf89401fa505bc25c2db37312360d0bb29,Sent
360,0xB5c24087AAe6298d24f7bf4D3Ea186cEB13b7CB2,EOA,4914080.98,0.000059473933445588,0x56cf7ab51687baf69afd2aa96721bfaf89401fa505bc25c2db37312360d0bb29,Sent
361,0xB27ecB029393061f81657A984e0E1c3dAbffE578,CONTRACT,4758363.34,0.000057589320569515,0x56cf7ab51687baf69afd2aa96721bfaf89401fa505bc25c2db37312360d0bb29,Sent
362,0xFa00A9Ed787f3793DB668BFf3e6E6E7Db0F92a1B,EOA,4703244.79,0.000056922234130482,0x56cf7ab51687baf69afd2aa96721bfaf89401fa505bc25c2db37312360d0bb29,Sent
363,0xFaA53f371c2E43c871e1Edf1CD53f627EBE75be1,EOA,4558480.60,0.000055170188088170,0x56cf7ab51687baf69afd2aa96721bfaf89401fa505bc25c2db37312360d0bb29,Sent
364,0x9Eea151a1EC9b8cd97aC332B11fD2B9a8BBd84e4,CONTRACT,4508730.64,0.000054568076420380,0x56cf7ab51687baf69afd2aa96721bfaf89401fa505bc25c2db37312360d0bb29,Sent
365,0x0EaaF7942570356EF688383F707dBDAc09F4BC13,CONTRACT,4338326.08,0.000052505711252893,0x56cf7ab51687baf69afd2aa96721bfaf89401fa505bc25c2db37312360d0bb29,Sent
366,0xD0a1d028de544daEe6044ba130c18B51867093b5,EOA,4318682.01,0.000052267963799894,0x56cf7ab51687baf69afd2aa96721bfaf89401fa505bc25c2db37312360d0bb29,Sent
367,0xC7A7DDFABd61D46C3C4788F203a314d02623F10f,CONTRACT,4216927.47,0.000051036453160299,0x56cf7ab51687baf69afd2aa96721bfaf89401fa505bc25c2db37312360d0bb29,Sent
368,0xE6D4f4cB02fFa7a34e82c81338a88754c4Cd4cA8,CONTRACT,4006728.12,0.000048492461261091,0x56cf7ab51687baf69afd2aa96721bfaf89401fa505bc25c2db37312360d0bb29,Sent
369,0x1CDbdB52C21F511D939E6A0b286511F073d45419,EOA,3941927.58,0.000047708195989285,0x56cf7ab51687baf69afd2aa96721bfaf89401fa505bc25c2db37312360d0bb29,Sent
370,0xCCC3B700eaE4049Ad60AdBb483Da6456DAF27cF1,CONTRACT,3920923.95,0.000047453994190535,0x56cf7ab51687baf69afd2aa96721bfaf89401fa505bc25c2db37312360d0bb29,Sent
371,0xB8F6fB43304ecc73490c34e684F17Ddf69908DEd,EOA,3480860.28,0.000042128009985356,0x56cf7ab51687baf69afd2aa96721bfaf89401fa505bc25c2db37312360d0bb29,Sent
372,0xd2Caa84aC075DB2Cc39A0aDAe28670cb728fb324,CONTRACT,3394313.67,0.000041080557329820,0x56cf7ab51687baf69afd2aa96721bfaf89401fa505bc25c2db37312360d0bb29,Sent
373,0xeA2cE5811647A34CBa1C2f31FF77241CDaee9bca,CONTRACT,3361624.63,0.000040684929739218,0x56cf7ab51687baf69afd2aa96721bfaf89401fa505bc25c2db37312360d0bb29,Sent
374,0x990B8CeC37bF0841154808d0D0385D05AC0443Dc,EOA,3269486.80,0.000039569807899264,0x56cf7ab51687baf69afd2aa96721bfaf89401fa505bc25c2db37312360d0bb29,Sent
375,0x90414b2cd4F96c9448Db6d781D62022D0D169501,CONTRACT,3160700.69,0.000038253195902068,0x56cf7ab51687baf69afd2aa96721bfaf89401fa505bc25c2db37312360d0bb29,Sent
376,0x6E2F02D431befE77d46ADEf447Bbd5207890E667,EOA,3067856.38,0.000037129523748826,0x56cf7ab51687baf69afd2aa96721bfaf89401fa505bc25c2db37312360d0bb29,Sent
377,0x29F4F30afBFD9925f94896D8D2360C8b138c6cD9,CONTRACT,3036182.82,0.000036746186249262,0x56cf7ab51687baf69afd2aa96721bfaf89401fa505bc25c2db37312360d0bb29,Sent
378,0xE22B05eEBfd497adF4f54c033e028500e5AC19d8,EOA,2994978.82,0.000036247504244368,0x56cf7ab51687baf69afd2aa96721bfaf89401fa505bc25c2db37312360d0bb29,Sent
379,0x7019745A15728045F69eFF503901a049Cd2f9694,CONTRACT,2805806.25,0.000033957994418031,0x56cf7ab51687baf69afd2aa96721bfaf89401fa505bc25c2db37312360d0bb29,Sent
380,0x2cffEd5d56eB6a17662756ca0FdF350e732C9818,EOA,2723149.91,0.000032957624733612,0x56cf7ab51687baf69afd2aa96721bfaf89401fa505bc25c2db37312360d0bb29,Sent
381,0x975B25BfA1D0B4B0335c32F4692f9931D6168c35,CONTRACT,2652289.32,0.000032100016059259,0x56cf7ab51687baf69afd2aa96721bfaf89401fa505bc25c2db37312360d0bb29,Sent
382,0x5A004F5E5C6aD35904E05dD427FD91F8b6aF56FA,CONTRACT,2651462.59,0.000032090010429530,0x56cf7ab51687baf69afd2aa96721bfaf89401fa505bc25c2db37312360d0bb29,Sent
383,0x0A311b91FEc686E9358Ae8C7E7B51B2C921fdd2F,EOA,2436578.67,0.000029489322227232,0x56cf7ab51687baf69afd2aa96721bfaf89401fa505bc25c2db37312360d0bb29,Sent
384,0xFBA0Dcd06e29f20A07952Ba47d338E8d72B2252c,EOA,2230411.19,0.000026994127100186,0x56cf7ab51687baf69afd2aa96721bfaf89401fa505bc25c2db37312360d0bb29,Sent
385,0x9eC199a4f861C97FaDB1B274CB414dAdFB64A573,CONTRACT,2227024.43,0.000026953137999841,0x56cf7ab51687baf69afd2aa96721bfaf89401fa505bc25c2db37312360d0bb29,Sent
386,0x9821383Ec2d500D7242A9fDB349d9E6d4C5b68A5,EOA,2219814.71,0.000026865880469171,0x56cf7ab51687baf69afd2aa96721bfaf89401fa505bc25c2db37312360d0bb29,Sent
387,0xBd5de7a1D1add927fEA64A4ECB2eFE8Cad4C15bc,CONTRACT,2162392.07,0.000026170908207871,0x56cf7ab51687baf69afd2aa96721bfaf89401fa505bc25c2db37312360d0bb29,Sent
388,0x04363Bc17667727484fb5369B97ba56C07229B20,EOA,2133864.58,0.000025825646904840,0x56cf7ab51687baf69afd2aa96721bfaf89401fa505bc25c2db37312360d0bb29,Sent
389,0x143Fd00B95F13F61A4e49C2eD8c282466039Bbcc,EOA,2108019.77,0.000025512853371805,0x56cf7ab51687baf69afd2aa96721bfaf89401fa505bc25c2db37312360d0bb29,Sent
390,0xF5130327e9c1a0370808BC151263B843CB763e10,EOA,2076311.28,0.000025129093151112,0x56cf7ab51687baf69afd2aa96721bfaf89401fa505bc25c2db37312360d0bb29,Sent
391,0x11B6D73249A1d3e91759A15f8D3891565B9E00bf,CONTRACT,2000547.37,0.000024212140915457,0x56cf7ab51687baf69afd2aa96721bfaf89401fa505bc25c2db37312360d0bb29,Sent
392,0xCdC25459795111deA4E52Ad0F50611b2c857774b,CONTRACT,1871643.70,0.000022652051025374,0x56cf7ab51687baf69afd2aa96721bfaf89401fa505bc25c2db37312360d0bb29,Sent
393,0xF494443c0FfF5138634F5C4C8852a6e134e59008,CONTRACT,1819647.22,0.000022022750170291,0x56cf7ab51687baf69afd2aa96721bfaf89401fa505bc25c2db37312360d0bb29,Sent
394,0x689734c9108d5954244d2a6547060903f648e97a,EOA,1792701.10,0.000021696627818505,0x56cf7ab51687baf69afd2aa96721bfaf89401fa505bc25c2db37312360d0bb29,Sent
395,0xBa2304D1f48AC01CF01427fc9d9aE3D21e71b536,CONTRACT,1792071.39,0.000021689006566036,0x56cf7ab51687baf69afd2aa96721bfaf89401fa505bc25c2db37312360d0bb29,Sent
396,0x002468DE2C16739A13383A79B19dc59237361823,CONTRACT,1790957.33,0.000021675523314275,0x56cf7ab51687baf69afd2aa96721bfaf89401fa505bc25c2db37312360d0bb29,Sent
397,0xFeDE2243F41a185E2f0312Bb7D29A531dCb445F6,EOA,1790224.03,0.000021666648382590,0x56cf7ab51687baf69afd2aa96721bfaf89401fa505bc25c2db37312360d0bb29,Sent
398,0xf0a7acc4Bf8257b27907734Ec177054a42792847,EOA,1781503.15,0.000021561101673677,0x56cf7ab51687baf69afd2aa96721bfaf89401fa505bc25c2db37312360d0bb29,Sent
399,0x306dD6A283DB31D42612B6cFbE8DA56835b9dfB6,CONTRACT,1761114.14,0.000021314338426135,0x56cf7ab51687baf69afd2aa96721bfaf89401fa505bc25c2db37312360d0bb29,Sent
400,0xf5c4F3Dc02c3FB9279495a8fEF7B0741da956157,EOA,1592655.26,0.000019275521395241,0x56cf7ab51687baf69afd2aa96721bfaf89401fa505bc25c2db37312360d0bb29,Sent
401,0xCD2Caa739A6EC7B3BD2b4037105aC5ecfD797d18,CONTRACT,1502044.27,0.000018178878497402,0x56cf7ab51687baf69afd2aa96721bfaf89401fa505bc25c2db37312360d0bb29,Sent
402,0x30BD64013Ab67823fBEB5870d9C9C2c5d876024E,EOA,1317795.90,0.000015948965056642,0x56cf7ab51687baf69afd2aa96721bfaf89401fa505bc25c2db37312360d0bb29,Sent
403,0x90e21f6F6552779E22839b386710018A6E59cbCb,EOA,1303653.65,0.000015777804745337,0x56cf7ab51687baf69afd2aa96721bfaf89401fa505bc25c2db37312360d0bb29,Sent
404,0x4185975A9b712c842E45069ACe77e7e90dC28212,EOA,1204486.56,0.000014577609436231,0x56cf7ab51687baf69afd2aa96721bfaf89401fa505bc25c2db37312360d0bb29,Sent
405,0x8D3875EaAf1DA0991c3536614015e2a96F3eA8BA,EOA,1126990.85,0.000013639697668126,0x56cf7ab51687baf69afd2aa96721bfaf89401fa505bc25c2db37312360d0bb29,Sent
406,0x042037841EE5DA8840E0aDe85e5b6350e338D78b,CONTRACT,1099737.35,0.000013309855153563,0x56cf7ab51687baf69afd2aa96721bfaf89401fa505bc25c2db37312360d0bb29,Sent
407,0x1E85a7AB53A8bF3C2a9D72982Ef0c5D08a47258D,EOA,1078315.92,0.000013050596713237,0x56cf7ab51687baf69afd2aa96721bfaf89401fa505bc25c2db37312360d0bb29,Sent
408,0x3F89fB9Ec7e980D0775A1866F13F4ef32541609F,CONTRACT,1064335.47,0.000012881394786785,0x56cf7ab51687baf69afd2aa96721bfaf89401fa505bc25c2db37312360d0bb29,Sent
409,0x6FA16C0D8fB75b9412BE4dDa351a456B2805d4C6,CONTRACT,1000000.00,0.000012102758120543,0x56cf7ab51687baf69afd2aa96721bfaf89401fa505bc25c2db37312360d0bb29,Sent
410,0x635d06DC9a78a28CAe4531d2c947207e5E14C293,EOA,964636.87,0.000011674766771041,0x56cf7ab51687baf69afd2aa96721bfaf89401fa505bc25c2db37312360d0bb29,Sent
411,0xf70853810B8fC6869068Dc8F7f94c439c9a2cdCa,EOA,917782.47,0.000011107699257732,0x56cf7ab51687baf69afd2aa96721bfaf89401fa505bc25c2db37312360d0bb29,Sent
412,0xC30CF256dFC731193A4fe2b02c89Bf1815ec70a5,EOA,892684.49,0.000010803944462364,0x56cf7ab51687baf69afd2aa96721bfaf89401fa505bc25c2db37312360d0bb29,Sent
413,0xDB9742a8a6Bb16527b761D3c48BaC05562d2f6BD,EOA,892571.70,0.000010802579390677,0x56cf7ab51687baf69afd2aa96721bfaf89401fa505bc25c2db37312360d0bb29,Sent
414,0xCFd59c0f530db36eEA8CCbFe744f01fe3556925e,CONTRACT,874364.51,0.000010582222117869,0x56cf7ab51687baf69afd2aa96721bfaf89401fa505bc25c2db37312360d0bb29,Sent
415,0x856C858640b04051B8cE2BE27c6c2c1AD2E929e1,EOA,862120.33,0.000010434033880636,0x56cf7ab51687baf69afd2aa96721bfaf89401fa505bc25c2db37312360d0bb29,Sent
416,0x509A7c742690E7bE95e294dF91476aD4a21b8b7F,CONTRACT,855897.76,0.000010358723551404,0x56cf7ab51687baf69afd2aa96721bfaf89401fa505bc25c2db37312360d0bb29,Sent
417,0x1A2f7393bEC0104c4f6e0F3194c8f8990cb7f759,CONTRACT,705943.17,0.000008543859414432,0x56cf7ab51687baf69afd2aa96721bfaf89401fa505bc25c2db37312360d0bb29,Sent
418,0x94980E9F6cd6174be4C16715362539a999BF4F4b,CONTRACT,643272.53,0.000007785371863816,0x56cf7ab51687baf69afd2aa96721bfaf89401fa505bc25c2db37312360d0bb29,Sent
419,0x1B5f03E6b8a9088773ACc72dC9e32d43b9974CDE,CONTRACT,613109.14,0.000007420311648689,0x56cf7ab51687baf69afd2aa96721bfaf89401fa505bc25c2db37312360d0bb29,Sent
420,0xF763aa35C59673273dC4a3Afdc78d6B716371920,CONTRACT,603776.84,0.000007307364998237,0x56cf7ab51687baf69afd2aa96721bfaf89401fa505bc25c2db37312360d0bb29,Sent
421,0x2eC4AC7eCA3BEd37498b32dB4C88ECc082C8eb4b,CONTRACT,580632.75,0.000007027257775913,0x56cf7ab51687baf69afd2aa96721bfaf89401fa505bc25c2db37312360d0bb29,Sent
422,0xc2b0F8B8c0555FDdFa3E2D0330fc687Fdbd03AB5,CONTRACT,574334.92,0.000006951036657745,0x56cf7ab51687baf69afd2aa96721bfaf89401fa505bc25c2db37312360d0bb29,Sent
423,0x81121B31521FA0Cf0DEf2cAd3Eff25C497B709ec,CONTRACT,461895.73,0.000005590212297706,0x56cf7ab51687baf69afd2aa96721bfaf89401fa505bc25c2db37312360d0bb29,Sent
424,0x1f5FEE4f90C0AF0a0F727946dC427b46d34cC0Ed,EOA,461638.73,0.000005587101948448,0x56cf7ab51687baf69afd2aa96721bfaf89401fa505bc25c2db37312360d0bb29,Sent
425,0x78712Cf5Ca40A5fFFC68C64bb4dCe0a062EFAc14,CONTRACT,422895.23,0.000005118198659326,0x56cf7ab51687baf69afd2aa96721bfaf89401fa505bc25c2db37312360d0bb29,Sent
426,0xE53A48C62452F7136fF8B4e8a16764A95B02130b,EOA,369634.36,0.000004473595227750,0x56cf7ab51687baf69afd2aa96721bfaf89401fa505bc25c2db37312360d0bb29,Sent
427,0xcD6b980029E6E6e0733ac8eC3E02be9410D09799,EOA,295600.48,0.000003577581158758,0x56cf7ab51687baf69afd2aa96721bfaf89401fa505bc25c2db37312360d0bb29,Sent
428,0xaD01C20d5886137e056775af56915de824c8fCe5,EOA,281942.86,0.000003412286210299,0x56cf7ab51687baf69afd2aa96721bfaf89401fa505bc25c2db37312360d0bb29,Sent
429,0xb8C257a7aC44262b1E86B3E9b354653d49A79368,CONTRACT,267210.38,0.000003233982604722,0x56cf7ab51687baf69afd2aa96721bfaf89401fa505bc25c2db37312360d0bb29,Sent
430,0x940389146D37781b80f8d857e0f952c3534c405B,CONTRACT,235058.17,0.000002844852131629,0x56cf7ab51687baf69afd2aa96721bfaf89401fa505bc25c2db37312360d0bb29,Sent
431,0x359758b480a9189153D3B03b70b7BE6210c6CaD0,EOA,208540.25,0.000002523912246608,0x56cf7ab51687baf69afd2aa96721bfaf89401fa505bc25c2db37312360d0bb29,Sent
432,0xEDC6531B10297788CBb0fcFAEE904a3803D3E2e4,EOA,162961.59,0.000001972284732654,0x56cf7ab51687baf69afd2aa96721bfaf89401fa505bc25c2db37312360d0bb29,Sent
433,0x38F5E5b4DA37531a6e85161e337e0238bB27aa90,EOA,131741.21,0.000001594432037539,0x56cf7ab51687baf69afd2aa96721bfaf89401fa505bc25c2db37312360d0bb29,Sent
434,0x2e1Cc653914C7D264B23de12f8BE0c41f18Ba658,EOA,106200.95,0.000001285324389289,0x56cf7ab51687baf69afd2aa96721bfaf89401fa505bc25c2db37312360d0bb29,Sent
435,0xb84d012d6aA026bB2956e9dC5Dd012D25b475b40,CONTRACT,95488.89,0.000001155678890354,0x56cf7ab51687baf69afd2aa96721bfaf89401fa505bc25c2db37312360d0bb29,Sent
436,0x007251bC167a019d9f54cc52e4417CdE9dF87188,EOA,81412.52,0.000000985315987813,,Pending
437,0x2A645933fa7E53e2D7288A45Ac7e61b65d01b70f,EOA,76356.40,0.000000924123061708,,Pending
438,0x31502Ab804Ba3b6DcF3E6C964f4Fe0392dCb820e,CONTRACT,56704.46,0.000000686280336770,,Pending
439,0x7f123D4840E526cDC1f8bB3942D72a354D09fe1B,EOA,53578.39,0.000000648446312451,,Pending
440,0x62EcF5b57DE8CdD92DCe940FDa8A82d6cE53B2f4,EOA,43602.98,0.000000527716280525,,Pending
441,0xbAA2B7301A109972Fb50890F8ee6BE9a5CB7C265,EOA,39965.88,0.000000483697401517,,Pending
442,0xDa19455d803910AFb481E34546e2dd7f714E40Ff,CONTRACT,19316.52,0.000000233783208855,,Pending
443,0xAFaA5fB8484269945E237fe0eD7E588B44EE74D4,EOA,17595.68,0.000000212956297132,,Pending
444,0x179D1818CDe185E73fCbde8Df6Df5BFAc7c688A2,CONTRACT,15584.36,0.000000188613696650,,Pending
445,0x2bF550ebC7807F681412093d429f1856F45585Cd,CONTRACT,14617.04,0.000000176906468961,,Pending
446,0x9496e5c9FB550A1eda202F74ECeC8663C512EBC2,EOA,12959.91,0.000000156850605030,,Pending
447,0x9f6601854deE374B1BfAf6350ffd27A97309d431,EOA,8105.23,0.000000098095608400,,Pending
448,0x72fC64a0421A8f8A8184E0F9a2197018854b18dD,CONTRACT,6384.45,0.000000077269398501,,Pending
449,0x9C97d5c84c16720b150D0637b104633148f3A5c2,EOA,106.11,0.000000001284169914,,Pending
450,0x9104427307a53e21698FCaddD653F16C70Df8619,CONTRACT,0.86,0.000000000010445208,,Pending
451,0x4F2F16469e9cA9b4958f08c8eCB321fBC36536E5,EOA,0.76,0.000000000009209303,,Pending
452,0x1CAbdD5E6A602830F5AC2E424Dc84ca961f7DFB1,EOA,0.01,0.000000000000080019,,Pending
453,0x434005049D88d8a6938945f2fDA466982B9BD0b4,CONTRACT,0.01,0.000000000000073738,,Pending
454,0x00cDEbc042C87C95e439E1AeFa0Bd3a8014dA577,CONTRACT,0.00,0.000000000000000001,,Pending
